/*
Navicat MySQL Data Transfer

Source Server         : local
Source Server Version : 50551
Source Host           : localhost:3306
Source Database       : db2nd

Target Server Type    : MYSQL
Target Server Version : 50551
File Encoding         : 65001

Date: 2017-09-11 13:45:46
*/

SET FOREIGN_KEY_CHECKS=0;

-- ----------------------------
-- Table structure for `info`
-- ----------------------------
DROP TABLE IF EXISTS `info`;
CREATE TABLE `info` (
  `id` int(11) NOT NULL AUTO_INCREMENT,
  `name` varchar(25) DEFAULT '暂未填写',
  `phone` varchar(25) DEFAULT '暂未填写',
  `email` varchar(25) DEFAULT '暂未填写',
  `message` varchar(255) DEFAULT '暂未填写',
  `create_time` varchar(25) DEFAULT '暂未填写',
  `update_time` varchar(25) DEFAULT NULL,
  PRIMARY KEY (`id`)
) ENGINE=InnoDB AUTO_INCREMENT=522 DEFAULT CHARSET=utf8;

-- ----------------------------
-- Records of info
-- ----------------------------
INSERT INTO `info` VALUES ('10', '李白', '13641326123', 'test@qq.com', '645165中华人民共和国中华人民共和国', '2017-03-03 16:03:23', null);
INSERT INTO `info` VALUES ('11', '杜甫', '13641323132', 'test02@qq.com', '6431684565126435134651351352', '2017-03-03 16:03:46', null);
INSERT INTO `info` VALUES ('12', '王安治', '13864123165', '23223@qq.com', '465316541', '2017-03-03 16:04:10', null);
INSERT INTO `info` VALUES ('13', '小王', '13864123164', '132213@qq.com', '641563132', '2017-03-03 16:04:24', null);
INSERT INTO `info` VALUES ('14', '老白', '13896415665', '651532@5412', '8641565', '2017-03-03 16:04:59', null);
INSERT INTO `info` VALUES ('15', '李白', '13641326123', 'test@qq.com', '645165中华人民共和国中华人民共和国', '2017-03-03 16:03:23', null);
INSERT INTO `info` VALUES ('16', '杜甫', '13641323132', 'test02@qq.com', '6431684565126435134651351352', '2017-03-03 16:03:46', null);
INSERT INTO `info` VALUES ('17', '王安治', '13864123165', '23223@qq.com', '465316541', '2017-03-03 16:04:10', null);
INSERT INTO `info` VALUES ('18', '小王', '13864123164', '132213@qq.com', '641563132', '2017-03-03 16:04:24', null);
INSERT INTO `info` VALUES ('19', '老白', '13896415665', '651532@5412', '8641565', '2017-03-03 16:04:59', null);
INSERT INTO `info` VALUES ('22', '李白', '13641326123', 'test@qq.com', '645165中华人民共和国中华人民共和国', '2017-03-03 16:03:23', null);
INSERT INTO `info` VALUES ('23', '杜甫', '13641323132', 'test02@qq.com', '6431684565126435134651351352', '2017-03-03 16:03:46', null);
INSERT INTO `info` VALUES ('24', '王安治', '13864123165', '23223@qq.com', '465316541', '2017-03-03 16:04:10', null);
INSERT INTO `info` VALUES ('25', '小王', '13864123164', '132213@qq.com', '641563132', '2017-03-03 16:04:24', null);
INSERT INTO `info` VALUES ('26', '老白', '13896415665', '651532@5412', '8641565', '2017-03-03 16:04:59', null);
INSERT INTO `info` VALUES ('27', '李白', '13641326123', 'test@qq.com', '645165中华人民共和国中华人民共和国', '2017-03-03 16:03:23', null);
INSERT INTO `info` VALUES ('28', '杜甫', '13641323132', 'test02@qq.com', '6431684565126435134651351352', '2017-03-03 16:03:46', null);
INSERT INTO `info` VALUES ('29', '王安治', '13864123165', '23223@qq.com', '465316541', '2017-03-03 16:04:10', null);
INSERT INTO `info` VALUES ('30', '小王', '13864123164', '132213@qq.com', '641563132', '2017-03-03 16:04:24', null);
INSERT INTO `info` VALUES ('31', '老白', '13896415665', '651532@5412', '8641565', '2017-03-03 16:04:59', null);
INSERT INTO `info` VALUES ('37', '李白', '13641326123', 'test@qq.com', '645165中华人民共和国中华人民共和国', '2017-03-03 16:03:23', null);
INSERT INTO `info` VALUES ('38', '杜甫', '13641323132', 'test02@qq.com', '6431684565126435134651351352', '2017-03-03 16:03:46', null);
INSERT INTO `info` VALUES ('39', '王安治', '13864123165', '23223@qq.com', '465316541', '2017-03-03 16:04:10', null);
INSERT INTO `info` VALUES ('40', '小王', '13864123164', '132213@qq.com', '641563132', '2017-03-03 16:04:24', null);
INSERT INTO `info` VALUES ('41', '老白', '13896415665', '651532@5412', '8641565', '2017-03-03 16:04:59', null);
INSERT INTO `info` VALUES ('42', '李白', '13641326123', 'test@qq.com', '645165中华人民共和国中华人民共和国', '2017-03-03 16:03:23', null);
INSERT INTO `info` VALUES ('43', '杜甫', '13641323132', 'test02@qq.com', '6431684565126435134651351352', '2017-03-03 16:03:46', null);
INSERT INTO `info` VALUES ('44', '王安治', '13864123165', '23223@qq.com', '465316541', '2017-03-03 16:04:10', null);
INSERT INTO `info` VALUES ('45', '小王', '13864123164', '132213@qq.com', '641563132', '2017-03-03 16:04:24', null);
INSERT INTO `info` VALUES ('46', '老白', '13896415665', '651532@5412', '8641565', '2017-03-03 16:04:59', null);
INSERT INTO `info` VALUES ('47', '李白', '13641326123', 'test@qq.com', '645165中华人民共和国中华人民共和国', '2017-03-03 16:03:23', null);
INSERT INTO `info` VALUES ('48', '杜甫', '13641323132', 'test02@qq.com', '6431684565126435134651351352', '2017-03-03 16:03:46', null);
INSERT INTO `info` VALUES ('49', '王安治', '13864123165', '23223@qq.com', '465316541', '2017-03-03 16:04:10', null);
INSERT INTO `info` VALUES ('50', '小王', '13864123164', '132213@qq.com', '641563132', '2017-03-03 16:04:24', null);
INSERT INTO `info` VALUES ('51', '老白', '13896415665', '651532@5412', '8641565', '2017-03-03 16:04:59', null);
INSERT INTO `info` VALUES ('52', '李白', '13641326123', 'test@qq.com', '645165中华人民共和国中华人民共和国', '2017-03-03 16:03:23', null);
INSERT INTO `info` VALUES ('53', '杜甫', '13641323132', 'test02@qq.com', '6431684565126435134651351352', '2017-03-03 16:03:46', null);
INSERT INTO `info` VALUES ('54', '王安治', '13864123165', '23223@qq.com', '465316541', '2017-03-03 16:04:10', null);
INSERT INTO `info` VALUES ('55', '小王', '13864123164', '132213@qq.com', '641563132', '2017-03-03 16:04:24', null);
INSERT INTO `info` VALUES ('56', '老白', '13896415665', '651532@5412', '8641565', '2017-03-03 16:04:59', null);
INSERT INTO `info` VALUES ('68', '李白', '13641326123', 'test@qq.com', '645165中华人民共和国中华人民共和国', '2017-03-03 16:03:23', null);
INSERT INTO `info` VALUES ('69', '杜甫', '13641323132', 'test02@qq.com', '6431684565126435134651351352', '2017-03-03 16:03:46', null);
INSERT INTO `info` VALUES ('70', '王安治', '13864123165', '23223@qq.com', '465316541', '2017-03-03 16:04:10', null);
INSERT INTO `info` VALUES ('71', '小王', '13864123164', '132213@qq.com', '641563132', '2017-03-03 16:04:24', null);
INSERT INTO `info` VALUES ('72', '老白', '13896415665', '651532@5412', '8641565', '2017-03-03 16:04:59', null);
INSERT INTO `info` VALUES ('73', '李白', '13641326123', 'test@qq.com', '645165中华人民共和国中华人民共和国', '2017-03-03 16:03:23', null);
INSERT INTO `info` VALUES ('74', '杜甫', '13641323132', 'test02@qq.com', '6431684565126435134651351352', '2017-03-03 16:03:46', null);
INSERT INTO `info` VALUES ('75', '王安治', '13864123165', '23223@qq.com', '465316541', '2017-03-03 16:04:10', null);
INSERT INTO `info` VALUES ('76', '小王', '13864123164', '132213@qq.com', '641563132', '2017-03-03 16:04:24', null);
INSERT INTO `info` VALUES ('77', '老白', '13896415665', '651532@5412', '8641565', '2017-03-03 16:04:59', null);
INSERT INTO `info` VALUES ('78', '李白', '13641326123', 'test@qq.com', '645165中华人民共和国中华人民共和国', '2017-03-03 16:03:23', null);
INSERT INTO `info` VALUES ('79', '杜甫', '13641323132', 'test02@qq.com', '6431684565126435134651351352', '2017-03-03 16:03:46', null);
INSERT INTO `info` VALUES ('80', '王安治', '13864123165', '23223@qq.com', '465316541', '2017-03-03 16:04:10', null);
INSERT INTO `info` VALUES ('81', '小王', '13864123164', '132213@qq.com', '641563132', '2017-03-03 16:04:24', null);
INSERT INTO `info` VALUES ('82', '老白', '13896415665', '651532@5412', '8641565', '2017-03-03 16:04:59', null);
INSERT INTO `info` VALUES ('83', '李白', '13641326123', 'test@qq.com', '645165中华人民共和国中华人民共和国', '2017-03-03 16:03:23', null);
INSERT INTO `info` VALUES ('84', '杜甫', '13641323132', 'test02@qq.com', '6431684565126435134651351352', '2017-03-03 16:03:46', null);
INSERT INTO `info` VALUES ('85', '王安治', '13864123165', '23223@qq.com', '465316541', '2017-03-03 16:04:10', null);
INSERT INTO `info` VALUES ('86', '小王', '13864123164', '132213@qq.com', '641563132', '2017-03-03 16:04:24', null);
INSERT INTO `info` VALUES ('87', '老白', '13896415665', '651532@5412', '8641565', '2017-03-03 16:04:59', null);
INSERT INTO `info` VALUES ('88', '李白', '13641326123', 'test@qq.com', '645165中华人民共和国中华人民共和国', '2017-03-03 16:03:23', null);
INSERT INTO `info` VALUES ('89', '杜甫', '13641323132', 'test02@qq.com', '6431684565126435134651351352', '2017-03-03 16:03:46', null);
INSERT INTO `info` VALUES ('90', '王安治', '13864123165', '23223@qq.com', '465316541', '2017-03-03 16:04:10', null);
INSERT INTO `info` VALUES ('91', '小王', '13864123164', '132213@qq.com', '641563132', '2017-03-03 16:04:24', null);
INSERT INTO `info` VALUES ('92', '老白', '13896415665', '651532@5412', '8641565', '2017-03-03 16:04:59', null);
INSERT INTO `info` VALUES ('93', '李白', '13641326123', 'test@qq.com', '645165中华人民共和国中华人民共和国', '2017-03-03 16:03:23', null);
INSERT INTO `info` VALUES ('94', '杜甫', '13641323132', 'test02@qq.com', '6431684565126435134651351352', '2017-03-03 16:03:46', null);
INSERT INTO `info` VALUES ('95', '王安治', '13864123165', '23223@qq.com', '465316541', '2017-03-03 16:04:10', null);
INSERT INTO `info` VALUES ('96', '小王', '13864123164', '132213@qq.com', '641563132', '2017-03-03 16:04:24', null);
INSERT INTO `info` VALUES ('97', '老白', '13896415665', '651532@5412', '8641565', '2017-03-03 16:04:59', null);
INSERT INTO `info` VALUES ('98', '李白', '13641326123', 'test@qq.com', '645165中华人民共和国中华人民共和国', '2017-03-03 16:03:23', null);
INSERT INTO `info` VALUES ('99', '杜甫', '13641323132', 'test02@qq.com', '6431684565126435134651351352', '2017-03-03 16:03:46', null);
INSERT INTO `info` VALUES ('100', '王安治', '13864123165', '23223@qq.com', '465316541', '2017-03-03 16:04:10', null);
INSERT INTO `info` VALUES ('101', '小王', '13864123164', '132213@qq.com', '641563132', '2017-03-03 16:04:24', null);
INSERT INTO `info` VALUES ('102', '老白', '13896415665', '651532@5412', '8641565', '2017-03-03 16:04:59', null);
INSERT INTO `info` VALUES ('103', '李白', '13641326123', 'test@qq.com', '645165中华人民共和国中华人民共和国', '2017-03-03 16:03:23', null);
INSERT INTO `info` VALUES ('104', '杜甫', '13641323132', 'test02@qq.com', '6431684565126435134651351352', '2017-03-03 16:03:46', null);
INSERT INTO `info` VALUES ('105', '王安治', '13864123165', '23223@qq.com', '465316541', '2017-03-03 16:04:10', null);
INSERT INTO `info` VALUES ('106', '小王', '13864123164', '132213@qq.com', '641563132', '2017-03-03 16:04:24', null);
INSERT INTO `info` VALUES ('107', '老白', '13896415665', '651532@5412', '8641565', '2017-03-03 16:04:59', null);
INSERT INTO `info` VALUES ('131', '李白', '13641326123', 'test@qq.com', '645165中华人民共和国中华人民共和国', '2017-03-03 16:03:23', null);
INSERT INTO `info` VALUES ('132', '杜甫', '13641323132', 'test02@qq.com', '6431684565126435134651351352', '2017-03-03 16:03:46', null);
INSERT INTO `info` VALUES ('133', '王安治', '13864123165', '23223@qq.com', '465316541', '2017-03-03 16:04:10', null);
INSERT INTO `info` VALUES ('134', '小王', '13864123164', '132213@qq.com', '641563132', '2017-03-03 16:04:24', null);
INSERT INTO `info` VALUES ('135', '老白', '13896415665', '651532@5412', '8641565', '2017-03-03 16:04:59', null);
INSERT INTO `info` VALUES ('136', '李白', '13641326123', 'test@qq.com', '645165中华人民共和国中华人民共和国', '2017-03-03 16:03:23', null);
INSERT INTO `info` VALUES ('137', '杜甫', '13641323132', 'test02@qq.com', '6431684565126435134651351352', '2017-03-03 16:03:46', null);
INSERT INTO `info` VALUES ('138', '王安治', '13864123165', '23223@qq.com', '465316541', '2017-03-03 16:04:10', null);
INSERT INTO `info` VALUES ('139', '小王', '13864123164', '132213@qq.com', '641563132', '2017-03-03 16:04:24', null);
INSERT INTO `info` VALUES ('140', '老白', '13896415665', '651532@5412', '8641565', '2017-03-03 16:04:59', null);
INSERT INTO `info` VALUES ('141', '李白', '13641326123', 'test@qq.com', '645165中华人民共和国中华人民共和国', '2017-03-03 16:03:23', null);
INSERT INTO `info` VALUES ('142', '杜甫', '13641323132', 'test02@qq.com', '6431684565126435134651351352', '2017-03-03 16:03:46', null);
INSERT INTO `info` VALUES ('143', '王安治', '13864123165', '23223@qq.com', '465316541', '2017-03-03 16:04:10', null);
INSERT INTO `info` VALUES ('144', '小王', '13864123164', '132213@qq.com', '641563132', '2017-03-03 16:04:24', null);
INSERT INTO `info` VALUES ('145', '老白', '13896415665', '651532@5412', '8641565', '2017-03-03 16:04:59', null);
INSERT INTO `info` VALUES ('146', '李白', '13641326123', 'test@qq.com', '645165中华人民共和国中华人民共和国', '2017-03-03 16:03:23', null);
INSERT INTO `info` VALUES ('147', '杜甫', '13641323132', 'test02@qq.com', '6431684565126435134651351352', '2017-03-03 16:03:46', null);
INSERT INTO `info` VALUES ('148', '王安治', '13864123165', '23223@qq.com', '465316541', '2017-03-03 16:04:10', null);
INSERT INTO `info` VALUES ('149', '小王', '13864123164', '132213@qq.com', '641563132', '2017-03-03 16:04:24', null);
INSERT INTO `info` VALUES ('150', '老白', '13896415665', '651532@5412', '8641565', '2017-03-03 16:04:59', null);
INSERT INTO `info` VALUES ('151', '李白', '13641326123', 'test@qq.com', '645165中华人民共和国中华人民共和国', '2017-03-03 16:03:23', null);
INSERT INTO `info` VALUES ('152', '杜甫', '13641323132', 'test02@qq.com', '6431684565126435134651351352', '2017-03-03 16:03:46', null);
INSERT INTO `info` VALUES ('153', '王安治', '13864123165', '23223@qq.com', '465316541', '2017-03-03 16:04:10', null);
INSERT INTO `info` VALUES ('154', '小王', '13864123164', '132213@qq.com', '641563132', '2017-03-03 16:04:24', null);
INSERT INTO `info` VALUES ('155', '老白', '13896415665', '651532@5412', '8641565', '2017-03-03 16:04:59', null);
INSERT INTO `info` VALUES ('156', '李白', '13641326123', 'test@qq.com', '645165中华人民共和国中华人民共和国', '2017-03-03 16:03:23', null);
INSERT INTO `info` VALUES ('157', '杜甫', '13641323132', 'test02@qq.com', '6431684565126435134651351352', '2017-03-03 16:03:46', null);
INSERT INTO `info` VALUES ('158', '王安治', '13864123165', '23223@qq.com', '465316541', '2017-03-03 16:04:10', null);
INSERT INTO `info` VALUES ('159', '小王', '13864123164', '132213@qq.com', '641563132', '2017-03-03 16:04:24', null);
INSERT INTO `info` VALUES ('160', '老白', '13896415665', '651532@5412', '8641565', '2017-03-03 16:04:59', null);
INSERT INTO `info` VALUES ('161', '李白', '13641326123', 'test@qq.com', '645165中华人民共和国中华人民共和国', '2017-03-03 16:03:23', null);
INSERT INTO `info` VALUES ('162', '杜甫', '13641323132', 'test02@qq.com', '6431684565126435134651351352', '2017-03-03 16:03:46', null);
INSERT INTO `info` VALUES ('163', '王安治', '13864123165', '23223@qq.com', '465316541', '2017-03-03 16:04:10', null);
INSERT INTO `info` VALUES ('164', '小王', '13864123164', '132213@qq.com', '641563132', '2017-03-03 16:04:24', null);
INSERT INTO `info` VALUES ('165', '老白', '13896415665', '651532@5412', '8641565', '2017-03-03 16:04:59', null);
INSERT INTO `info` VALUES ('166', '李白', '13641326123', 'test@qq.com', '645165中华人民共和国中华人民共和国', '2017-03-03 16:03:23', null);
INSERT INTO `info` VALUES ('167', '杜甫', '13641323132', 'test02@qq.com', '6431684565126435134651351352', '2017-03-03 16:03:46', null);
INSERT INTO `info` VALUES ('168', '王安治', '13864123165', '23223@qq.com', '465316541', '2017-03-03 16:04:10', null);
INSERT INTO `info` VALUES ('169', '小王', '13864123164', '132213@qq.com', '641563132', '2017-03-03 16:04:24', null);
INSERT INTO `info` VALUES ('170', '老白', '13896415665', '651532@5412', '8641565', '2017-03-03 16:04:59', null);
INSERT INTO `info` VALUES ('171', '李白', '13641326123', 'test@qq.com', '645165中华人民共和国中华人民共和国', '2017-03-03 16:03:23', null);
INSERT INTO `info` VALUES ('172', '杜甫', '13641323132', 'test02@qq.com', '6431684565126435134651351352', '2017-03-03 16:03:46', null);
INSERT INTO `info` VALUES ('173', '王安治', '13864123165', '23223@qq.com', '465316541', '2017-03-03 16:04:10', null);
INSERT INTO `info` VALUES ('174', '小王', '13864123164', '132213@qq.com', '641563132', '2017-03-03 16:04:24', null);
INSERT INTO `info` VALUES ('175', '老白', '13896415665', '651532@5412', '8641565', '2017-03-03 16:04:59', null);
INSERT INTO `info` VALUES ('176', '李白', '13641326123', 'test@qq.com', '645165中华人民共和国中华人民共和国', '2017-03-03 16:03:23', null);
INSERT INTO `info` VALUES ('177', '杜甫', '13641323132', 'test02@qq.com', '6431684565126435134651351352', '2017-03-03 16:03:46', null);
INSERT INTO `info` VALUES ('178', '王安治', '13864123165', '23223@qq.com', '465316541', '2017-03-03 16:04:10', null);
INSERT INTO `info` VALUES ('179', '小王', '13864123164', '132213@qq.com', '641563132', '2017-03-03 16:04:24', null);
INSERT INTO `info` VALUES ('180', '老白', '13896415665', '651532@5412', '8641565', '2017-03-03 16:04:59', null);
INSERT INTO `info` VALUES ('181', '李白', '13641326123', 'test@qq.com', '645165中华人民共和国中华人民共和国', '2017-03-03 16:03:23', null);
INSERT INTO `info` VALUES ('182', '杜甫', '13641323132', 'test02@qq.com', '6431684565126435134651351352', '2017-03-03 16:03:46', null);
INSERT INTO `info` VALUES ('183', '王安治', '13864123165', '23223@qq.com', '465316541', '2017-03-03 16:04:10', null);
INSERT INTO `info` VALUES ('184', '小王', '13864123164', '132213@qq.com', '641563132', '2017-03-03 16:04:24', null);
INSERT INTO `info` VALUES ('185', '老白', '13896415665', '651532@5412', '8641565', '2017-03-03 16:04:59', null);
INSERT INTO `info` VALUES ('186', '李白', '13641326123', 'test@qq.com', '645165中华人民共和国中华人民共和国', '2017-03-03 16:03:23', null);
INSERT INTO `info` VALUES ('187', '杜甫', '13641323132', 'test02@qq.com', '6431684565126435134651351352', '2017-03-03 16:03:46', null);
INSERT INTO `info` VALUES ('188', '王安治', '13864123165', '23223@qq.com', '465316541', '2017-03-03 16:04:10', null);
INSERT INTO `info` VALUES ('189', '小王', '13864123164', '132213@qq.com', '641563132', '2017-03-03 16:04:24', null);
INSERT INTO `info` VALUES ('190', '老白', '13896415665', '651532@5412', '8641565', '2017-03-03 16:04:59', null);
INSERT INTO `info` VALUES ('191', '李白', '13641326123', 'test@qq.com', '645165中华人民共和国中华人民共和国', '2017-03-03 16:03:23', null);
INSERT INTO `info` VALUES ('192', '杜甫', '13641323132', 'test02@qq.com', '6431684565126435134651351352', '2017-03-03 16:03:46', null);
INSERT INTO `info` VALUES ('193', '王安治', '13864123165', '23223@qq.com', '465316541', '2017-03-03 16:04:10', null);
INSERT INTO `info` VALUES ('194', '小王', '13864123164', '132213@qq.com', '641563132', '2017-03-03 16:04:24', null);
INSERT INTO `info` VALUES ('195', '老白', '13896415665', '651532@5412', '8641565', '2017-03-03 16:04:59', null);
INSERT INTO `info` VALUES ('196', '李白', '13641326123', 'test@qq.com', '645165中华人民共和国中华人民共和国', '2017-03-03 16:03:23', null);
INSERT INTO `info` VALUES ('197', '杜甫', '13641323132', 'test02@qq.com', '6431684565126435134651351352', '2017-03-03 16:03:46', null);
INSERT INTO `info` VALUES ('198', '王安治', '13864123165', '23223@qq.com', '465316541', '2017-03-03 16:04:10', null);
INSERT INTO `info` VALUES ('199', '小王', '13864123164', '132213@qq.com', '641563132', '2017-03-03 16:04:24', null);
INSERT INTO `info` VALUES ('200', '老白', '13896415665', '651532@5412', '8641565', '2017-03-03 16:04:59', null);
INSERT INTO `info` VALUES ('201', '李白', '13641326123', 'test@qq.com', '645165中华人民共和国中华人民共和国', '2017-03-03 16:03:23', null);
INSERT INTO `info` VALUES ('202', '杜甫', '13641323132', 'test02@qq.com', '6431684565126435134651351352', '2017-03-03 16:03:46', null);
INSERT INTO `info` VALUES ('203', '王安治', '13864123165', '23223@qq.com', '465316541', '2017-03-03 16:04:10', null);
INSERT INTO `info` VALUES ('204', '小王', '13864123164', '132213@qq.com', '641563132', '2017-03-03 16:04:24', null);
INSERT INTO `info` VALUES ('205', '老白', '13896415665', '651532@5412', '8641565', '2017-03-03 16:04:59', null);
INSERT INTO `info` VALUES ('206', '李白', '13641326123', 'test@qq.com', '645165中华人民共和国中华人民共和国', '2017-03-03 16:03:23', null);
INSERT INTO `info` VALUES ('207', '杜甫', '13641323132', 'test02@qq.com', '6431684565126435134651351352', '2017-03-03 16:03:46', null);
INSERT INTO `info` VALUES ('208', '王安治', '13864123165', '23223@qq.com', '465316541', '2017-03-03 16:04:10', null);
INSERT INTO `info` VALUES ('209', '小王', '13864123164', '132213@qq.com', '641563132', '2017-03-03 16:04:24', null);
INSERT INTO `info` VALUES ('210', '老白', '13896415665', '651532@5412', '8641565', '2017-03-03 16:04:59', null);
INSERT INTO `info` VALUES ('258', '李白', '13641326123', 'test@qq.com', '645165中华人民共和国中华人民共和国', '2017-03-03 16:03:23', null);
INSERT INTO `info` VALUES ('259', '杜甫', '13641323132', 'test02@qq.com', '6431684565126435134651351352', '2017-03-03 16:03:46', null);
INSERT INTO `info` VALUES ('260', '王安治', '13864123165', '23223@qq.com', '465316541', '2017-03-03 16:04:10', null);
INSERT INTO `info` VALUES ('261', '小王', '13864123164', '132213@qq.com', '641563132', '2017-03-03 16:04:24', null);
INSERT INTO `info` VALUES ('262', '老白', '13896415665', '651532@5412', '8641565', '2017-03-03 16:04:59', null);
INSERT INTO `info` VALUES ('263', '李白', '13641326123', 'test@qq.com', '645165中华人民共和国中华人民共和国', '2017-03-03 16:03:23', null);
INSERT INTO `info` VALUES ('264', '杜甫', '13641323132', 'test02@qq.com', '6431684565126435134651351352', '2017-03-03 16:03:46', null);
INSERT INTO `info` VALUES ('265', '王安治', '13864123165', '23223@qq.com', '465316541', '2017-03-03 16:04:10', null);
INSERT INTO `info` VALUES ('266', '小王', '13864123164', '132213@qq.com', '641563132', '2017-03-03 16:04:24', null);
INSERT INTO `info` VALUES ('267', '老白', '13896415665', '651532@5412', '8641565', '2017-03-03 16:04:59', null);
INSERT INTO `info` VALUES ('268', '李白', '13641326123', 'test@qq.com', '645165中华人民共和国中华人民共和国', '2017-03-03 16:03:23', null);
INSERT INTO `info` VALUES ('269', '杜甫', '13641323132', 'test02@qq.com', '6431684565126435134651351352', '2017-03-03 16:03:46', null);
INSERT INTO `info` VALUES ('270', '王安治', '13864123165', '23223@qq.com', '465316541', '2017-03-03 16:04:10', null);
INSERT INTO `info` VALUES ('271', '小王', '13864123164', '132213@qq.com', '641563132', '2017-03-03 16:04:24', null);
INSERT INTO `info` VALUES ('272', '老白', '13896415665', '651532@5412', '8641565', '2017-03-03 16:04:59', null);
INSERT INTO `info` VALUES ('273', '李白', '13641326123', 'test@qq.com', '645165中华人民共和国中华人民共和国', '2017-03-03 16:03:23', null);
INSERT INTO `info` VALUES ('274', '杜甫', '13641323132', 'test02@qq.com', '6431684565126435134651351352', '2017-03-03 16:03:46', null);
INSERT INTO `info` VALUES ('275', '王安治', '13864123165', '23223@qq.com', '465316541', '2017-03-03 16:04:10', null);
INSERT INTO `info` VALUES ('276', '小王', '13864123164', '132213@qq.com', '641563132', '2017-03-03 16:04:24', null);
INSERT INTO `info` VALUES ('277', '老白', '13896415665', '651532@5412', '8641565', '2017-03-03 16:04:59', null);
INSERT INTO `info` VALUES ('278', '李白', '13641326123', 'test@qq.com', '645165中华人民共和国中华人民共和国', '2017-03-03 16:03:23', null);
INSERT INTO `info` VALUES ('279', '杜甫', '13641323132', 'test02@qq.com', '6431684565126435134651351352', '2017-03-03 16:03:46', null);
INSERT INTO `info` VALUES ('280', '王安治', '13864123165', '23223@qq.com', '465316541', '2017-03-03 16:04:10', null);
INSERT INTO `info` VALUES ('281', '小王', '13864123164', '132213@qq.com', '641563132', '2017-03-03 16:04:24', null);
INSERT INTO `info` VALUES ('282', '老白', '13896415665', '651532@5412', '8641565', '2017-03-03 16:04:59', null);
INSERT INTO `info` VALUES ('283', '李白', '13641326123', 'test@qq.com', '645165中华人民共和国中华人民共和国', '2017-03-03 16:03:23', null);
INSERT INTO `info` VALUES ('284', '杜甫', '13641323132', 'test02@qq.com', '6431684565126435134651351352', '2017-03-03 16:03:46', null);
INSERT INTO `info` VALUES ('285', '王安治', '13864123165', '23223@qq.com', '465316541', '2017-03-03 16:04:10', null);
INSERT INTO `info` VALUES ('286', '小王', '13864123164', '132213@qq.com', '641563132', '2017-03-03 16:04:24', null);
INSERT INTO `info` VALUES ('287', '老白', '13896415665', '651532@5412', '8641565', '2017-03-03 16:04:59', null);
INSERT INTO `info` VALUES ('288', '李白', '13641326123', 'test@qq.com', '645165中华人民共和国中华人民共和国', '2017-03-03 16:03:23', null);
INSERT INTO `info` VALUES ('289', '杜甫', '13641323132', 'test02@qq.com', '6431684565126435134651351352', '2017-03-03 16:03:46', null);
INSERT INTO `info` VALUES ('290', '王安治', '13864123165', '23223@qq.com', '465316541', '2017-03-03 16:04:10', null);
INSERT INTO `info` VALUES ('291', '小王', '13864123164', '132213@qq.com', '641563132', '2017-03-03 16:04:24', null);
INSERT INTO `info` VALUES ('292', '老白', '13896415665', '651532@5412', '8641565', '2017-03-03 16:04:59', null);
INSERT INTO `info` VALUES ('293', '李白', '13641326123', 'test@qq.com', '645165中华人民共和国中华人民共和国', '2017-03-03 16:03:23', null);
INSERT INTO `info` VALUES ('294', '杜甫', '13641323132', 'test02@qq.com', '6431684565126435134651351352', '2017-03-03 16:03:46', null);
INSERT INTO `info` VALUES ('295', '王安治', '13864123165', '23223@qq.com', '465316541', '2017-03-03 16:04:10', null);
INSERT INTO `info` VALUES ('296', '小王', '13864123164', '132213@qq.com', '641563132', '2017-03-03 16:04:24', null);
INSERT INTO `info` VALUES ('297', '老白', '13896415665', '651532@5412', '8641565', '2017-03-03 16:04:59', null);
INSERT INTO `info` VALUES ('298', '李白', '13641326123', 'test@qq.com', '645165中华人民共和国中华人民共和国', '2017-03-03 16:03:23', null);
INSERT INTO `info` VALUES ('299', '杜甫', '13641323132', 'test02@qq.com', '6431684565126435134651351352', '2017-03-03 16:03:46', null);
INSERT INTO `info` VALUES ('300', '王安治', '13864123165', '23223@qq.com', '465316541', '2017-03-03 16:04:10', null);
INSERT INTO `info` VALUES ('301', '小王', '13864123164', '132213@qq.com', '641563132', '2017-03-03 16:04:24', null);
INSERT INTO `info` VALUES ('302', '老白', '13896415665', '651532@5412', '8641565', '2017-03-03 16:04:59', null);
INSERT INTO `info` VALUES ('303', '李白', '13641326123', 'test@qq.com', '645165中华人民共和国中华人民共和国', '2017-03-03 16:03:23', null);
INSERT INTO `info` VALUES ('304', '杜甫', '13641323132', 'test02@qq.com', '6431684565126435134651351352', '2017-03-03 16:03:46', null);
INSERT INTO `info` VALUES ('305', '王安治', '13864123165', '23223@qq.com', '465316541', '2017-03-03 16:04:10', null);
INSERT INTO `info` VALUES ('306', '小王', '13864123164', '132213@qq.com', '641563132', '2017-03-03 16:04:24', null);
INSERT INTO `info` VALUES ('307', '老白', '13896415665', '651532@5412', '8641565', '2017-03-03 16:04:59', null);
INSERT INTO `info` VALUES ('308', '李白', '13641326123', 'test@qq.com', '645165中华人民共和国中华人民共和国', '2017-03-03 16:03:23', null);
INSERT INTO `info` VALUES ('309', '杜甫', '13641323132', 'test02@qq.com', '6431684565126435134651351352', '2017-03-03 16:03:46', null);
INSERT INTO `info` VALUES ('310', '王安治', '13864123165', '23223@qq.com', '465316541', '2017-03-03 16:04:10', null);
INSERT INTO `info` VALUES ('311', '小王', '13864123164', '132213@qq.com', '641563132', '2017-03-03 16:04:24', null);
INSERT INTO `info` VALUES ('312', '老白', '13896415665', '651532@5412', '8641565', '2017-03-03 16:04:59', null);
INSERT INTO `info` VALUES ('313', '李白', '13641326123', 'test@qq.com', '645165中华人民共和国中华人民共和国', '2017-03-03 16:03:23', null);
INSERT INTO `info` VALUES ('314', '杜甫', '13641323132', 'test02@qq.com', '6431684565126435134651351352', '2017-03-03 16:03:46', null);
INSERT INTO `info` VALUES ('315', '王安治', '13864123165', '23223@qq.com', '465316541', '2017-03-03 16:04:10', null);
INSERT INTO `info` VALUES ('316', '小王', '13864123164', '132213@qq.com', '641563132', '2017-03-03 16:04:24', null);
INSERT INTO `info` VALUES ('317', '老白', '13896415665', '651532@5412', '8641565', '2017-03-03 16:04:59', null);
INSERT INTO `info` VALUES ('318', '李白', '13641326123', 'test@qq.com', '645165中华人民共和国中华人民共和国', '2017-03-03 16:03:23', null);
INSERT INTO `info` VALUES ('319', '杜甫', '13641323132', 'test02@qq.com', '6431684565126435134651351352', '2017-03-03 16:03:46', null);
INSERT INTO `info` VALUES ('320', '王安治', '13864123165', '23223@qq.com', '465316541', '2017-03-03 16:04:10', null);
INSERT INTO `info` VALUES ('321', '小王', '13864123164', '132213@qq.com', '641563132', '2017-03-03 16:04:24', null);
INSERT INTO `info` VALUES ('322', '老白', '13896415665', '651532@5412', '8641565', '2017-03-03 16:04:59', null);
INSERT INTO `info` VALUES ('323', '李白', '13641326123', 'test@qq.com', '645165中华人民共和国中华人民共和国', '2017-03-03 16:03:23', null);
INSERT INTO `info` VALUES ('324', '杜甫', '13641323132', 'test02@qq.com', '6431684565126435134651351352', '2017-03-03 16:03:46', null);
INSERT INTO `info` VALUES ('325', '王安治', '13864123165', '23223@qq.com', '465316541', '2017-03-03 16:04:10', null);
INSERT INTO `info` VALUES ('326', '小王', '13864123164', '132213@qq.com', '641563132', '2017-03-03 16:04:24', null);
INSERT INTO `info` VALUES ('327', '老白', '13896415665', '651532@5412', '8641565', '2017-03-03 16:04:59', null);
INSERT INTO `info` VALUES ('328', '李白', '13641326123', 'test@qq.com', '645165中华人民共和国中华人民共和国', '2017-03-03 16:03:23', null);
INSERT INTO `info` VALUES ('329', '杜甫', '13641323132', 'test02@qq.com', '6431684565126435134651351352', '2017-03-03 16:03:46', null);
INSERT INTO `info` VALUES ('330', '王安治', '13864123165', '23223@qq.com', '465316541', '2017-03-03 16:04:10', null);
INSERT INTO `info` VALUES ('331', '小王', '13864123164', '132213@qq.com', '641563132', '2017-03-03 16:04:24', null);
INSERT INTO `info` VALUES ('332', '老白', '13896415665', '651532@5412', '8641565', '2017-03-03 16:04:59', null);
INSERT INTO `info` VALUES ('333', '李白', '13641326123', 'test@qq.com', '645165中华人民共和国中华人民共和国', '2017-03-03 16:03:23', null);
INSERT INTO `info` VALUES ('334', '杜甫', '13641323132', 'test02@qq.com', '6431684565126435134651351352', '2017-03-03 16:03:46', null);
INSERT INTO `info` VALUES ('335', '王安治', '13864123165', '23223@qq.com', '465316541', '2017-03-03 16:04:10', null);
INSERT INTO `info` VALUES ('336', '小王', '13864123164', '132213@qq.com', '641563132', '2017-03-03 16:04:24', null);
INSERT INTO `info` VALUES ('337', '老白', '13896415665', '651532@5412', '8641565', '2017-03-03 16:04:59', null);
INSERT INTO `info` VALUES ('338', '李白', '13641326123', 'test@qq.com', '645165中华人民共和国中华人民共和国', '2017-03-03 16:03:23', null);
INSERT INTO `info` VALUES ('339', '杜甫', '13641323132', 'test02@qq.com', '6431684565126435134651351352', '2017-03-03 16:03:46', null);
INSERT INTO `info` VALUES ('340', '王安治', '13864123165', '23223@qq.com', '465316541', '2017-03-03 16:04:10', null);
INSERT INTO `info` VALUES ('341', '小王', '13864123164', '132213@qq.com', '641563132', '2017-03-03 16:04:24', null);
INSERT INTO `info` VALUES ('342', '老白', '13896415665', '651532@5412', '8641565', '2017-03-03 16:04:59', null);
INSERT INTO `info` VALUES ('343', '李白', '13641326123', 'test@qq.com', '645165中华人民共和国中华人民共和国', '2017-03-03 16:03:23', null);
INSERT INTO `info` VALUES ('344', '杜甫', '13641323132', 'test02@qq.com', '6431684565126435134651351352', '2017-03-03 16:03:46', null);
INSERT INTO `info` VALUES ('345', '王安治', '13864123165', '23223@qq.com', '465316541', '2017-03-03 16:04:10', null);
INSERT INTO `info` VALUES ('346', '小王', '13864123164', '132213@qq.com', '641563132', '2017-03-03 16:04:24', null);
INSERT INTO `info` VALUES ('347', '老白', '13896415665', '651532@5412', '8641565', '2017-03-03 16:04:59', null);
INSERT INTO `info` VALUES ('348', '李白', '13641326123', 'test@qq.com', '645165中华人民共和国中华人民共和国', '2017-03-03 16:03:23', null);
INSERT INTO `info` VALUES ('349', '杜甫', '13641323132', 'test02@qq.com', '6431684565126435134651351352', '2017-03-03 16:03:46', null);
INSERT INTO `info` VALUES ('350', '王安治', '13864123165', '23223@qq.com', '465316541', '2017-03-03 16:04:10', null);
INSERT INTO `info` VALUES ('351', '小王', '13864123164', '132213@qq.com', '641563132', '2017-03-03 16:04:24', null);
INSERT INTO `info` VALUES ('352', '老白', '13896415665', '651532@5412', '8641565', '2017-03-03 16:04:59', null);
INSERT INTO `info` VALUES ('353', '李白', '13641326123', 'test@qq.com', '645165中华人民共和国中华人民共和国', '2017-03-03 16:03:23', null);
INSERT INTO `info` VALUES ('354', '杜甫', '13641323132', 'test02@qq.com', '6431684565126435134651351352', '2017-03-03 16:03:46', null);
INSERT INTO `info` VALUES ('355', '王安治', '13864123165', '23223@qq.com', '465316541', '2017-03-03 16:04:10', null);
INSERT INTO `info` VALUES ('356', '小王', '13864123164', '132213@qq.com', '641563132', '2017-03-03 16:04:24', null);
INSERT INTO `info` VALUES ('357', '老白', '13896415665', '651532@5412', '8641565', '2017-03-03 16:04:59', null);
INSERT INTO `info` VALUES ('358', '李白', '13641326123', 'test@qq.com', '645165中华人民共和国中华人民共和国', '2017-03-03 16:03:23', null);
INSERT INTO `info` VALUES ('359', '杜甫', '13641323132', 'test02@qq.com', '6431684565126435134651351352', '2017-03-03 16:03:46', null);
INSERT INTO `info` VALUES ('360', '王安治', '13864123165', '23223@qq.com', '465316541', '2017-03-03 16:04:10', null);
INSERT INTO `info` VALUES ('361', '小王', '13864123164', '132213@qq.com', '641563132', '2017-03-03 16:04:24', null);
INSERT INTO `info` VALUES ('362', '老白', '13896415665', '651532@5412', '8641565', '2017-03-03 16:04:59', null);
INSERT INTO `info` VALUES ('363', '李白', '13641326123', 'test@qq.com', '645165中华人民共和国中华人民共和国', '2017-03-03 16:03:23', null);
INSERT INTO `info` VALUES ('364', '杜甫', '13641323132', 'test02@qq.com', '6431684565126435134651351352', '2017-03-03 16:03:46', null);
INSERT INTO `info` VALUES ('365', '王安治', '13864123165', '23223@qq.com', '465316541', '2017-03-03 16:04:10', null);
INSERT INTO `info` VALUES ('366', '小王', '13864123164', '132213@qq.com', '641563132', '2017-03-03 16:04:24', null);
INSERT INTO `info` VALUES ('367', '老白', '13896415665', '651532@5412', '8641565', '2017-03-03 16:04:59', null);
INSERT INTO `info` VALUES ('368', '李白', '13641326123', 'test@qq.com', '645165中华人民共和国中华人民共和国', '2017-03-03 16:03:23', null);
INSERT INTO `info` VALUES ('369', '杜甫', '13641323132', 'test02@qq.com', '6431684565126435134651351352', '2017-03-03 16:03:46', null);
INSERT INTO `info` VALUES ('370', '王安治', '13864123165', '23223@qq.com', '465316541', '2017-03-03 16:04:10', null);
INSERT INTO `info` VALUES ('371', '小王', '13864123164', '132213@qq.com', '641563132', '2017-03-03 16:04:24', null);
INSERT INTO `info` VALUES ('372', '老白', '13896415665', '651532@5412', '8641565', '2017-03-03 16:04:59', null);
INSERT INTO `info` VALUES ('373', '李白', '13641326123', 'test@qq.com', '645165中华人民共和国中华人民共和国', '2017-03-03 16:03:23', null);
INSERT INTO `info` VALUES ('374', '杜甫', '13641323132', 'test02@qq.com', '6431684565126435134651351352', '2017-03-03 16:03:46', null);
INSERT INTO `info` VALUES ('375', '王安治', '13864123165', '23223@qq.com', '465316541', '2017-03-03 16:04:10', null);
INSERT INTO `info` VALUES ('376', '小王', '13864123164', '132213@qq.com', '641563132', '2017-03-03 16:04:24', null);
INSERT INTO `info` VALUES ('377', '老白', '13896415665', '651532@5412', '8641565', '2017-03-03 16:04:59', null);
INSERT INTO `info` VALUES ('378', '李白', '13641326123', 'test@qq.com', '645165中华人民共和国中华人民共和国', '2017-03-03 16:03:23', null);
INSERT INTO `info` VALUES ('379', '杜甫', '13641323132', 'test02@qq.com', '6431684565126435134651351352', '2017-03-03 16:03:46', null);
INSERT INTO `info` VALUES ('380', '王安治', '13864123165', '23223@qq.com', '465316541', '2017-03-03 16:04:10', null);
INSERT INTO `info` VALUES ('381', '小王', '13864123164', '132213@qq.com', '641563132', '2017-03-03 16:04:24', null);
INSERT INTO `info` VALUES ('382', '老白', '13896415665', '651532@5412', '8641565', '2017-03-03 16:04:59', null);
INSERT INTO `info` VALUES ('383', '李白', '13641326123', 'test@qq.com', '645165中华人民共和国中华人民共和国', '2017-03-03 16:03:23', null);
INSERT INTO `info` VALUES ('384', '杜甫', '13641323132', 'test02@qq.com', '6431684565126435134651351352', '2017-03-03 16:03:46', null);
INSERT INTO `info` VALUES ('385', '王安治', '13864123165', '23223@qq.com', '465316541', '2017-03-03 16:04:10', null);
INSERT INTO `info` VALUES ('386', '小王', '13864123164', '132213@qq.com', '641563132', '2017-03-03 16:04:24', null);
INSERT INTO `info` VALUES ('387', '老白', '13896415665', '651532@5412', '8641565', '2017-03-03 16:04:59', null);
INSERT INTO `info` VALUES ('388', '李白', '13641326123', 'test@qq.com', '645165中华人民共和国中华人民共和国', '2017-03-03 16:03:23', null);
INSERT INTO `info` VALUES ('389', '杜甫', '13641323132', 'test02@qq.com', '6431684565126435134651351352', '2017-03-03 16:03:46', null);
INSERT INTO `info` VALUES ('390', '王安治', '13864123165', '23223@qq.com', '465316541', '2017-03-03 16:04:10', null);
INSERT INTO `info` VALUES ('391', '小王', '13864123164', '132213@qq.com', '641563132', '2017-03-03 16:04:24', null);
INSERT INTO `info` VALUES ('392', '老白', '13896415665', '651532@5412', '8641565', '2017-03-03 16:04:59', null);
INSERT INTO `info` VALUES ('393', '李白', '13641326123', 'test@qq.com', '645165中华人民共和国中华人民共和国', '2017-03-03 16:03:23', null);
INSERT INTO `info` VALUES ('394', '杜甫', '13641323132', 'test02@qq.com', '6431684565126435134651351352', '2017-03-03 16:03:46', null);
INSERT INTO `info` VALUES ('395', '王安治', '13864123165', '23223@qq.com', '465316541', '2017-03-03 16:04:10', null);
INSERT INTO `info` VALUES ('396', '小王', '13864123164', '132213@qq.com', '641563132', '2017-03-03 16:04:24', null);
INSERT INTO `info` VALUES ('397', '老白', '13896415665', '651532@5412', '8641565', '2017-03-03 16:04:59', null);
INSERT INTO `info` VALUES ('398', '李白', '13641326123', 'test@qq.com', '645165中华人民共和国中华人民共和国', '2017-03-03 16:03:23', null);
INSERT INTO `info` VALUES ('399', '杜甫', '13641323132', 'test02@qq.com', '6431684565126435134651351352', '2017-03-03 16:03:46', null);
INSERT INTO `info` VALUES ('400', '王安治', '13864123165', '23223@qq.com', '465316541', '2017-03-03 16:04:10', null);
INSERT INTO `info` VALUES ('401', '小王', '13864123164', '132213@qq.com', '641563132', '2017-03-03 16:04:24', null);
INSERT INTO `info` VALUES ('402', '老白', '13896415665', '651532@5412', '8641565', '2017-03-03 16:04:59', null);
INSERT INTO `info` VALUES ('403', '李白', '13641326123', 'test@qq.com', '645165中华人民共和国中华人民共和国', '2017-03-03 16:03:23', null);
INSERT INTO `info` VALUES ('404', '杜甫', '13641323132', 'test02@qq.com', '6431684565126435134651351352', '2017-03-03 16:03:46', null);
INSERT INTO `info` VALUES ('405', '王安治', '13864123165', '23223@qq.com', '465316541', '2017-03-03 16:04:10', null);
INSERT INTO `info` VALUES ('406', '小王', '13864123164', '132213@qq.com', '641563132', '2017-03-03 16:04:24', null);
INSERT INTO `info` VALUES ('407', '老白', '13896415665', '651532@5412', '8641565', '2017-03-03 16:04:59', null);
INSERT INTO `info` VALUES ('408', '李白', '13641326123', 'test@qq.com', '645165中华人民共和国中华人民共和国', '2017-03-03 16:03:23', null);
INSERT INTO `info` VALUES ('409', '杜甫', '13641323132', 'test02@qq.com', '6431684565126435134651351352', '2017-03-03 16:03:46', null);
INSERT INTO `info` VALUES ('410', '王安治', '13864123165', '23223@qq.com', '465316541', '2017-03-03 16:04:10', null);
INSERT INTO `info` VALUES ('411', '小王', '13864123164', '132213@qq.com', '641563132', '2017-03-03 16:04:24', null);
INSERT INTO `info` VALUES ('412', '老白', '13896415665', '651532@5412', '8641565', '2017-03-03 16:04:59', null);
INSERT INTO `info` VALUES ('413', '李白', '13641326123', 'test@qq.com', '645165中华人民共和国中华人民共和国', '2017-03-03 16:03:23', null);
INSERT INTO `info` VALUES ('414', '杜甫', '13641323132', 'test02@qq.com', '6431684565126435134651351352', '2017-03-03 16:03:46', null);
INSERT INTO `info` VALUES ('415', '王安治', '13864123165', '23223@qq.com', '465316541', '2017-03-03 16:04:10', null);
INSERT INTO `info` VALUES ('416', '小王', '13864123164', '132213@qq.com', '641563132', '2017-03-03 16:04:24', null);
INSERT INTO `info` VALUES ('417', '老白', '13896415665', '651532@5412', '8641565', '2017-03-03 16:04:59', null);
INSERT INTO `info` VALUES ('513', '李白', '13654513265', '123@qq.com', '玛莎拉蒂', '2017-03-03 17:38:45', null);
INSERT INTO `info` VALUES ('514', '631351', '531321', '531@35135', '35132', '2017-03-03 17:52:21', null);
INSERT INTO `info` VALUES ('515', '8631352', '531320', '351@', '531351532', '2017-03-03 18:01:32', null);
INSERT INTO `info` VALUES ('516', '51313', '53153153', '5335@', '51365', '2017-03-06 09:30:55', null);
INSERT INTO `info` VALUES ('517', '64651', '6531563', '5631@', '641864512', '2017-03-06 09:34:46', null);
INSERT INTO `info` VALUES ('518', '86456', '53135', '1552@', '开发小程序', '2017-03-06 09:37:15', null);
INSERT INTO `info` VALUES ('519', '3132', '1312', '132123@3513', '3132', '2017-03-06 16:50:03', null);
INSERT INTO `info` VALUES ('520', '李白', '56132315313', '13212@qq.com', '41563153', '2017-03-14 16:47:08', null);
INSERT INTO `info` VALUES ('521', '李白', '65431645131', '5351@qq.com', '64564165', '2017-03-14 16:48:47', null);

-- ----------------------------
-- Table structure for `news`
-- ----------------------------
DROP TABLE IF EXISTS `news`;
CREATE TABLE `news` (
  `id` int(11) NOT NULL AUTO_INCREMENT,
  `uid` varchar(55) DEFAULT NULL,
  `title` varchar(55) DEFAULT NULL COMMENT '新闻标题',
  `tag` varchar(25) DEFAULT NULL COMMENT '标签',
  `about` varchar(500) DEFAULT NULL,
  `content` varchar(12550) DEFAULT NULL COMMENT '文章内容',
  `img` varchar(3550) DEFAULT NULL COMMENT '文章图片地址',
  `author` varchar(25) DEFAULT NULL COMMENT '作者',
  `create_time` varchar(25) DEFAULT NULL COMMENT '创作时间',
  `views` int(11) DEFAULT '2017' COMMENT '阅读人数',
  PRIMARY KEY (`id`)
) ENGINE=InnoDB AUTO_INCREMENT=11 DEFAULT CHARSET=utf8;

-- ----------------------------
-- Records of news
-- ----------------------------
INSERT INTO `news` VALUES ('7', 'b9fc1fc1-a5d3-4a4e-b5cf-308cb4fd44f8', '橡塑保温板满足市场需求性价比高', '耐火材料, 耐火市场', '橡塑保温板作为一种新型的优质的绝热保温材料，不断出现在我们的生活各处，以其优良的性能在保温材料市场中占据着高大上的位置', '<p><br></p><div class=\"post-excerpt\">									<h3 style=\"text-align:center;color:#4ba550;\">橡塑保温板满足市场需求性价比高</h3>																		<p>&nbsp;&nbsp;&nbsp;&nbsp;&nbsp;&nbsp;首先，橡塑保温板是闭孔弹性材料，具有柔软、耐屈绕、耐寒、耐热、阻燃、防水、导热系数低、减震、吸音等优良性能。应用范围极其广泛，可用于中央空调、建筑、化工、医药轻纺、冶金、船舶、车辆、电器等行业和部门的各类冷热介质管道、容器，能达到降低冷损和热损的效果。又由于它施工方便、外观整洁美观、没有污染，因此是一种环保节能优质保温材料。&nbsp;									</p>									<p>&nbsp;&nbsp;&nbsp;&nbsp;&nbsp;&nbsp;										其次，由于本材料的柔软、耐屈绕等特点，可加工制作健身器材、医疗器械、日用品的把套、护套等 产品特性导热系数低平均温度为0℃时，本材料导热系数为0．034w／mk，而它的表面放热系数高，因此在相同的外界条件下，使用本产品厚度比其它保温材料薄一半以上能达到相同的保温效果，从而节省了楼层吊顶以上的空间，节省投资。阻燃性能好 含有大量阻燃减烟原料，燃烧时产生的烟浓度极低，而且遇火不熔化，不会滴下着火的火球，材料具有自熄灭特征。									</p>																		<p>&nbsp;&nbsp;&nbsp;&nbsp;&nbsp;&nbsp;										按GB8624—1997《建筑材料燃烧性能分级方法》，本产品为B1级难燃材料，确保安全可靠安装方便 外形美观因本产品富柔软性，安装简易方便。管道安装：可套上后一起安装，也可将本管材纵向切开后再用胶水粘合而成。对阀门、三通、弯头等复杂部件，可将板材裁剪后，按不同形状包上粘合，确保整个系统的严密性，从而保证了整个系统的保温性。又因本材料外表有橡胶的光滑平整，以及它本身的优异性能，不需另加隔汽层防护层，减少了施工中的麻烦，也保证了外形美观、平整。当设备或管道检修时，剥离下来的本材料可重复使用，性能不变。抗振特性好 华阳橡塑保温板具有很高的弹性，因而能最大限度地减少冷冻水和热水管道在使用过程中的振动和共振。选用橡塑保温材料，均能有效减少其热量损失。此外，橡塑已经证明，是太阳能取暖系统所用的室内外管道最理想的保温材料。									</p>								</div><p><br></p>', 'http://localhost:8080/Service/user/image/news/20170315110903087.jpg,', 'admin', '2017-03-15 11:08:20', '2030');
INSERT INTO `news` VALUES ('8', '35796570-ba42-471a-aff2-862af2f3d96c', '保温技术研讨会在庆辉公司召开', '研讨会、庆辉公司', '2016年8月16日，以“节能、绿色、低碳生活”为主题的2016河北石家庄建筑外墙保温技术研讨会(HBL硬泡聚氨酯板材)在庆辉公司召开。', '<p><br></p><div class=\"post-excerpt\">									<h3 style=\"text-align:center;color:#4ba550;\">2016河北(高淳)建筑外墙保温技术研讨会在庆辉公司召开</h3>																		<p>&nbsp;&nbsp;&nbsp;&nbsp;&nbsp;&nbsp;										2016年8月16日，以“节能、绿色、低碳生活”为主题的2016河北石家庄建筑外墙保温技术研讨会(HBL硬泡聚氨酯板材)在庆辉公司召开。									</p>									<p>&nbsp;&nbsp;&nbsp;&nbsp;&nbsp;&nbsp;										该研讨会由石家庄市勘察设计行业协会和河北墙体材料革新与建筑节能行业协会联合主办，高石家庄城乡建设局支持。目的在于为建筑行业各方搭建沟通交流平台，对HBL硬泡聚氨酯板材进行技术研讨，并向河北地区的设计单位和房地产公司进行推介，让性能优秀的HBL硬泡聚氨酯外墙保温材料广泛应用到市场中，为河北的老百姓享受到实在的利益。									</p>									<p>&nbsp;&nbsp;&nbsp;&nbsp;&nbsp;&nbsp;										会上，石家庄委常委王清平先生致欢迎词，他充分肯定了庆辉公司近年来的发展，对廊坊庆辉公司新材料有限公司推出的HBL硬泡聚氨酯保温板给予了高度评价，认为该产品符合绿色节能理念，保温性能稳定，同时，又能达到防火要求。他表示，对庆辉公司生产的绿色建筑产品，市政府将继续支持和推广。									</p>									<p>&nbsp;&nbsp;&nbsp;&nbsp;&nbsp;&nbsp;										据悉，庆辉公司从事聚氨酯领域三十年，有丰富的技术积累和沉淀，掌握了应用于冰箱行业高端市场的聚氨酯技术，这也是庆辉新材料有限公司能够做高品质&nbsp;建筑保温板的有力保证。HBL硬泡聚氨酯保温板采用杂环多元醇技术，以高支化度的多元醇为基础，引入耐温、难燃、低烟、低毒环状结构化合物和含磷、氮的链 结构，从分子结构上进行改性，在技术上引领行业创新发展。									</p>									<p>&nbsp;&nbsp;&nbsp;&nbsp;&nbsp;&nbsp;										该保温板自 2013年开始在石家庄保障房中被使用，目前已达到近700万平米的工程。产品在应用过程中得到了广泛认可，通过了第三方绿色建筑产品认证和住建部康居认 证，符合国家绿色建筑和康居住宅示范工程项目的要求。更值得一提的是，该聚氨酯保温板产品由中国人民财产保险股份有限公司(PICC)承保产品质量责任险，一旦 出现质量问题，除有公司负责以外，由PICC承担经济赔偿责任，这无异于给建设施工单位吃了一粒定心丸。									</p>									<p>&nbsp;&nbsp;&nbsp;&nbsp;&nbsp;&nbsp;										本次会议得到了建筑行业各界的广泛支持，南京市城乡建设委员会、石家庄市建设工程施工图设计审查管理中心、石家庄市建筑节能管理办公室，市政府相关主管领导 悉数到场，河北省建筑设计研究院有限公司、东南大学建筑设计研究院有限公司、石家庄市建筑设计研究院有限公司、河北都市建筑设计股份有限公司等20多家 本地知名设计单位应邀出席，朗诗集团地产等大型房地产商相关负责人来到会议现场，研讨会氛围热烈，推介取得了预期效果。									</p>								</div><p><br></p>', 'http://localhost:8080/Service/user/image/news/20170315143029696.jpg,', 'admin', '2017-03-15 11:28:55', '4050');
INSERT INTO `news` VALUES ('9', 'ae40d81d-ecca-4f74-bb9a-aa20d1bdf82a', '玻璃棉板对建筑外墙保温的影响', '玻璃棉、保温', '建筑外墙保温是一项非常重要的工程，在我们的生活中任何建筑失去了这种保温的性能，不只是会造成能源上的巨大浪费', '<p><br></p><div class=\"post-excerpt\">									<h3 style=\"text-align:center;color:#4ba550;\">玻璃棉板对建筑外墙保温的影响</h3>																		<p>										&nbsp;&nbsp;&nbsp;&nbsp;&nbsp;&nbsp;建筑外墙保温是一项非常重要的工程，在我们的生活中任何建筑失去了这种保温的性能，不只是会造成能源上的巨大浪费，也会使我们生活的环境非常的不舒服，下面玻璃棉板厂家就分析一下玻璃棉板对建筑外墙保温的重大影响。									</p>									<p>										&nbsp;&nbsp;&nbsp;&nbsp;&nbsp;&nbsp;目前全国离心玻璃棉产能达到100万吨，河北地区集中了51条玻璃棉生产线，近60万吨的产能（全国共87条生产线），占全国总产能的60%左右。除此之外，山东、江浙、安徽、四川、广东等地区也是玻璃棉产能相对集中的地区。									</p>									<p>										</p><h4 style=\"text-align:center;color:#4ba550;\">节能趋势主导市场</h4>										&nbsp;&nbsp;&nbsp;&nbsp;&nbsp;&nbsp;关于全球保温材料市场的研究显示，2015年全球保温材料市场估值高达165.5亿美元。在政府大力推广零能源计划之下，保温材料市场预计将会快速发展。在市场潜力方面，弗若斯特沙利文公司预计2016年全球保温材料市场估值大约在229.9亿美元，销售量有望达到1905.6万吨，从2016年到2021年的年均复合增长率将达到4.4%。市场竞争方面，矿物纤维保温材料价格较为统一而塑料泡沫保温材料市场仍存在分化，尤其在欧洲和亚太地区。未来对于阻燃性以及R指标的关注有望提高传统保温材料(如EPS、玻璃棉以及PUR)的销售量。对于全球保温材料市场的未来趋势，公司做出了如下预测：未来，2016年至2021年，全球保温材料市场的销售量年复合增长率将达到4.8%，市场将扩大4.4%。全球节能趋势将会作为保温材料市场发展的关键因素。																		<p>										</p><h4 style=\"text-align:center;color:#4ba550;\">&nbsp;市场发展主要动力</h4>											&nbsp;&nbsp;&nbsp;&nbsp;&nbsp;&nbsp;研究指出，2016-2021年，全球保温市场主要驱动力包括以下几点:									&nbsp; &nbsp; &nbsp; &nbsp;<br><br>&nbsp;&nbsp;&nbsp;&nbsp;&nbsp;&nbsp;第一，采取严格建筑标准。地方政府机构应该出台有效政策引导市场。例如德国政府通过最新法案规定联邦负责制定建筑的能源效率指标，改善能源建筑的比例。亚太地区则由于政府未有明确的态度和方案，市场上没有针对建筑能源指标强制性的法规约束。目前，中国及新加坡正在更新建筑条例，并实施了能源效率建筑的建设。									&nbsp; &nbsp; &nbsp; &nbsp;<br>&nbsp;&nbsp;&nbsp;&nbsp;&nbsp;&nbsp;第二，制定建筑证书以及评级系统。国际组织针对不同建筑标准制定了各种证书。在这些因素的刺激下，美国绿色建筑在过去十年间翻了7倍，预计在未来五年内持续增长。在加拿大、英国等其他国家，政府也实行了绿色建筑的税收以及对房屋持有人的资金补助政策以达到绿色建筑的建设。									&nbsp; &nbsp; &nbsp; &nbsp;<br>&nbsp;&nbsp;&nbsp;&nbsp;&nbsp;&nbsp;第三，提供专属建筑方案(欧洲市场)。在欧洲，建筑用电占欧洲总耗电的40%以及温室气体排放量的36%。能源效率指令的新规使建筑承包人以及建筑商开始着手制定以及实施对建筑保温层的安装和升级工作。在法国，政府发言人也承诺会在控制建筑方面出台新规。									&nbsp; &nbsp; &nbsp; &nbsp;<br>&nbsp;&nbsp;&nbsp;&nbsp;&nbsp;&nbsp;第四，北美住宅产业活动复苏。在美国住宅市场中，单一家庭住宅以及多户家庭住宅的房屋建设工作加快了建筑行业复苏。根据美国国家建筑商协会的资料，62%的建筑中有15%的绿色项目，而到2018年这个比例将会升至84%。多年的颓势下，建筑产业预计在2016年达至6%的增长，其中私人投资将会是建设的主要驱动力。									&nbsp; &nbsp; &nbsp; &nbsp;<br>&nbsp;&nbsp;&nbsp;&nbsp;&nbsp;&nbsp;第五，昂贵的电费以及能源价格的上升。许多顾客会因为日益高昂的电费对他们房屋进行绝缘建设。就长期来看，建筑商以及房屋所有者也愿意使用绝热性能更好的材料来解决此类问题。																		<p>										</p><h4 style=\"text-align:center;color:#4ba550;\">产品研发的未来热点</h4>										&nbsp;&nbsp;&nbsp;&nbsp;&nbsp;&nbsp;物理性能：主要由生产和建筑保温施工过程决定。保温材料，尤其塑料泡沫，在高楼建筑领域中存在不够结实的问题。购买者经常投诉在保温层施工仅1-2年内出现保温材料断裂。								&nbsp; &nbsp; &nbsp; &nbsp;<br>&nbsp;&nbsp;&nbsp;&nbsp;&nbsp;&nbsp;隔热性能：原材料以及生产加工机器决定了产品的隔热性能。一些厂商生产的材料经常有相关质量问题，建议厂商投入更多研究开发经费来解决此问题。																&nbsp; &nbsp; &nbsp; &nbsp;<br>&nbsp;&nbsp;&nbsp;&nbsp;&nbsp;&nbsp;防火性能：防火性能是高层建筑的重要考虑因素，而塑料泡沫是其主要材料。如何采用具有高阻燃性的保温材料以及无烟防火是最重要的考虑因素。																&nbsp; &nbsp; &nbsp; &nbsp;<br>&nbsp;&nbsp;&nbsp;&nbsp;&nbsp;&nbsp;环境问题：塑料泡沫生产的主要材料——氯甲酸甲酯(methylchloroform)、氯氟烃(CFCs)、四氯化物(tetrachloride)等存在破坏臭氧层的环境问题，将被逐步淘汰。而二氧化碳作为保温材料生产过程中的反应物也会对环境产生影响。此外，如何处理生产反应后的废物也是另一大问题。																		<p>&nbsp;&nbsp;&nbsp;&nbsp;&nbsp;&nbsp;										使用玻璃棉保温材料能够使住宅总节能率达到55%左右。玻璃棉是基于真空绝热和微孔绝热的原理，采用玻璃纤维为芯材，导热系数可以达到0.036W/(m·K)以下，保温性能是传统保温材料的6至10倍。产品从原材料采集到整个生产工艺过程均复合绿色环保要求，无毒无害；不但能确保房屋的冬暖夏凉，隔离噪音，还可以减少结构温差造成的裂缝和渗水，提高结构使用寿命。同时还具有不占室内空间，利于旧房改造等优点。									</p>								</div><p><br></p>', 'http://localhost:8080/Service/user/image/news/20170315143012304.jpg,', 'admin', '2017-03-15 11:29:53', '4048');
INSERT INTO `news` VALUES ('10', '2b42fd3e-463a-4a94-be70-1a0c9e8397da', '橡塑保温板具有优良的防火性能', '橡塑、保温板', '如何从各项性能上了解橡塑保温管？作为建筑行业应该都知道橡塑保温管，橡塑保温管在防火性能上是优于普通橡塑产品，符合各种工程的消防要求。', '<p><br></p><h3 style=\"text-align:center;color:#4ba550;\">橡塑保温板具有优良的防火性能</h3><p>																		<br></p><p>&nbsp;&nbsp;&nbsp;&nbsp;&nbsp;&nbsp;										如何从各项性能上了解橡塑保温管？作为建筑行业应该都知道橡塑保温管，橡塑保温管在防火性能上是优于普通橡塑产品，符合各种工程的消防要求。除橡塑绝热层在防火性能上符合GB-8624-2012,B1级和0级的要求外，其复合的A级不燃面材能使用在消防要求更苛刻的场所。如常规类T140，将A级不燃材料与橡塑绝热层完美结合，更有防火涂层，将防火性能再向前推进一步。									</p><p>									<br></p><p>&nbsp;&nbsp;&nbsp;&nbsp;&nbsp;&nbsp;										庆辉橡塑保温材料中的橡塑保温管导热系数低，完全闭孔结构，绝热效果持久良好。材料与水汽完全隔绝，不吸水、不凝露、使用寿命长，经过SGS检测，其实测值远远低于欧盟关于不含有毒物质的标准值，使用健康安全，外表柔软美观、易弯曲、施工方便快捷、而且无需其他辅材。其较好的耐温耐侯性使其非常适合于太阳能热水器热水管保温；汽车空调管，蒸汽管保温；还可广泛应用于减震和吸音降噪等场合。									</p><p>									<br></p><p>										</p><p><br></p><h4 style=\"color:#4ba550;\">橡塑保温管独特的优点：</h4><p>1.闭泡式结构能够有效地阻止热传导										&nbsp; <br>2.导热系数，在0°C时不超过0.034W/m?k。										&nbsp; <br>3.表面放热系数高，达到9W/m2k										&nbsp; <br>4.具有优异的抗水汽渗透能力 湿阻4,500(DIN 52615)构成\"内置\"的防水汽层，使保温板整体既是保温层又是防潮层。										&nbsp; <br>5.防火性能好 氧指数28以上										&nbsp; <br>6.安装简易快捷										  <br>7.不含CFC, HFC或HCFC等含烃材料 不含甲醛、粉尘和纤维										&nbsp;&nbsp;<br><br>橡塑保温板具有优良的防火性能。按照国标GB/T17794-1999《建筑材料燃烧性能分级方法》，橡塑海绵保温板经测试判定为GB/17794-1999 B2级难燃材料。																		<br></p><p>										</p><p><br></p><h4 style=\"color:#4ba550;\">庆辉橡塑保温管的应用领域：</h4><p>中央空调系统制冷机组与设备、冷冻水管、冷凝水管、风管及热水管道、从橡塑保温管的各项性能上可以看出橡塑保温管的独特性能，防火方面绝对是的保温材料。<br></p>', 'user/image/news/20170321180051291.jpg,', 'admin', '2017-03-15 11:31:45', '8106');

-- ----------------------------
-- Table structure for `product`
-- ----------------------------
DROP TABLE IF EXISTS `product`;
CREATE TABLE `product` (
  `id` int(11) NOT NULL AUTO_INCREMENT,
  `uid` varchar(55) DEFAULT NULL,
  `type_id` varchar(25) DEFAULT NULL COMMENT '产品类别',
  `name` varchar(55) DEFAULT NULL COMMENT '产品名',
  `descript` varchar(255) DEFAULT NULL COMMENT '产品简要概述',
  `description` varchar(12550) DEFAULT NULL COMMENT '产品描述',
  `imgsrc` varchar(2550) DEFAULT NULL COMMENT '产品图片',
  `price` int(11) DEFAULT '0' COMMENT '单价',
  `currency` varchar(5) DEFAULT '￥' COMMENT '货币单位',
  `edit_by` varchar(25) DEFAULT NULL COMMENT '作者',
  `views` int(11) DEFAULT '0' COMMENT '查看数',
  `create_time` varchar(25) DEFAULT NULL,
  `update_time` varchar(25) DEFAULT NULL,
  PRIMARY KEY (`id`)
) ENGINE=InnoDB AUTO_INCREMENT=13 DEFAULT CHARSET=utf8;

-- ----------------------------
-- Records of product
-- ----------------------------
INSERT INTO `product` VALUES ('1', '62892c38-36d9-4ccd-b8b6-e6d55a0e1b16', '1', '憎水岩棉板', '岩棉是以精选的辉绿岩和玄武岩矿渣为主要原料，经过高温融化在告诉离心过程中喷入特质粘合剂和防水剂而制成的树脂岩棉和防水岩棉。 可制成岩棉板、毡、管、条。具有导热系数小，吸声性能好不燃，化学稳定性好等特点。', '<p><br></p><div class=\"post-excerpt\">									<h3 style=\"color:#4ba547\">岩棉</h3>									<p>										岩棉是以精选的辉绿岩和玄武岩矿渣为主要原料，经过高温融化在告诉离心过程中喷入特质粘合剂和防水剂而制成的树脂岩棉和防水岩棉。可制成岩棉板、毡、管、条。具有导热系数小，吸声性能好不燃，化学稳定性好等特点。是一种新型的保温，隔热，吸声的材料。防水岩棉有一定的化学稳定性，即使在潮湿的情况下长期使用也不会发生潮解，根据JISA95-1979方式测验，憎水率在98%以上，由于制品不含氟（F-）氯（CL）。因此对设备无腐蚀作用，由于产品质量和种类的多样化，因此备受广大用户的欢迎。是建筑物、管道、储罐、蒸馏塔、锅炉、烟道、热交换器、风车和车船等工业设备优良的保温、隔热、隔冷、吸声的理想材料。									</p>																											<p>											</p><h4 style=\"color:#4ba547\">防火岩棉板</h4>											广泛应用于石油、化工、冶金、船舶、纺织等各工业级设备管道的保温，也用于建筑行业的隔墙、吊顶及内外墙的保温和吸音。保温性能、防火性能良好。酸度系数高，具有良好的化学稳定性及纤维耐久性具有良好的心瘾特性。																				<p>											</p><h4 style=\"color:#4ba547\">防火岩棉条</h4>											等为主要原料，经高温熔融成岩棉条是以玄武岩及其他天然矿石纤维，加入适量粘合剂固化加工而形成的。该产品是彩钢夹芯板的专用芯材，应用于彩钢墙板与屋顶板上，具有极佳的耐压强度和优秀的防火性能。为电子洁净厂房、净化工厂、防爆防火车间创造一个恒温绝热和隔音效果良好的、安全的高品质板材做出了重要突破，是彩钢复合板与防火门最佳的芯材。																														<p>											主要防火特性 <br>											☉具有最高防火等级A1级，能有效防止火势蔓延。 <br>																						☉尺寸非常稳定，在火灾中不会伸长、收缩或变形。 <br>																						☉耐高温，熔点高于1000℃。 <br>																						☉在火灾中不产生烟雾或者燃烧液滴/碎片。 <br>																						☉在火灾中不会释放有害环境的物质和气体。<br> 																						保温隔热 <br>											岩棉纤维细长柔韧，渣球含量低。因而导热系数低，具有极佳的保温效果。<br> 																						吸音降噪 <br>											岩棉是理想的隔音材料，大量的细长纤维形成了多孔连接结构,决定了施可达岩棉是一种出色的吸音降噪料。<br> 																						憎水性<br> 											憎水岩棉产品憎水率可达到99.9% ; 吸水率极低，无毛细渗透。<br> 																						抗潮湿性能 <br>											岩棉在相对湿度很大的环境下, 体积吸湿率小于0.2%; 按ASTMC1104 或ASTM1104M 方法测试，质量吸 湿率小于0.3%。 <br>																						无腐蚀性 <br>											岩棉化学性质稳，PH 值为7—8，呈中性或弱碱性，对碳钢、不锈钢、铝等金属材料均无腐蚀。 <br>											安全、环保 <br>											岩棉经检测不含有石棉，CFC、HFC、HCFC等对环境有害的物质。不会被腐蚀或产生霉变及细菌。（岩棉已被国际癌症研究权威 											机构认定为不致癌物质） <br>																						应用<br>											有弹性、中等强度岩棉板：适用于建筑墙体/屋顶保温、防火、吸音、如幕墙、内墙隔断、电梯井等。<br>											高强度岩棉板：适用于高、低温的各种条件下、有着很好的承载、抗压特性、尤其适用于大型船舶、容器、烘箱和管道及工业设备的保温、绝热。<br>											耐压岩棉板：能承受巨大的高负载。适用于候机室、大型车间等房顶保温。										</p>																	</div><p><br></p>', 'user/image/product/20170322090737320.jpg,user/image/product/20170322090737293.jpg,user/image/product/20170322090737256.jpg,user/image/product/20170322090737231.jpg,user/image/product/20170322090737199.jpg,', '0', '￥', 'admin', '18', '2017-03-14 15:42:48', '2017-03-14 17:10:29');
INSERT INTO `product` VALUES ('2', '35aa6a7d-3c2c-48c1-8dba-c4cf9c2471f7', '2', '防爆胶泥', '防爆密封胶泥采用多种德国进口高分子聚合物，添加剂，增塑剂等经过特殊工艺配置而成，是一种深黑色，无溶剂（无味），环保，对人体无害的无规则外型的胶泥状物。', '<p><br></p><h3 style=\"color:#4ba547\">防爆胶泥</h3><p>									<br></p><p>										防爆密封胶泥采用多种德国进口高分子聚合物，添加剂，增塑剂等经过特殊工艺配置而成，是一种深黑色，无溶剂（无味），环保，对人体无害的无规则外型的胶泥状物。													</p><p>																											<br></p><p>											</p><p><br></p><h4 style=\"color:#4ba547\">技术参数</h4><p>											密封性：施加50Kpa的水压，保证一分钟，不滴水，无位移。<br>											防爆性：配32%混合氩气做传爆试验，结果不传爆。<br>											介电强度：将样品制成2.5毫米厚的试件耐压，4KV交流电压，1分钟未击穿。<br>											阻燃性：用明火烧胶泥，着火极慢。<br>											耐油性：68号机油浸泡一个月，不流散，不变形。																				<br></p><p>											</p><p><br></p><h4 style=\"color:#4ba547\">产品简介</h4><p>												防爆密封胶泥采用多种德国进口高分子聚合物，添加剂，增塑剂等经过特殊工艺配置而成，是一种深黑色，无溶剂（无味），环保，对人体无害的无规则外型的胶泥状物。<br>												广泛应用于国防、石油，化工，加油站，变电站，危险性仓库及其它方面的爆炸危险场所，作为显管或电缆配线工程的防爆隔离密封之用。可用来包导线，接头，电缆，管材，地线等，防止火灾。<br></p>', 'user/image/product/20170322090751955.jpg,', '0', '￥', 'admin', '18', '2017-03-14 15:47:42', '2017-03-14 17:12:58');
INSERT INTO `product` VALUES ('3', '1e86f637-f53d-4f47-aeb1-0b8200fe242c', '2', '玻璃棉', '离心玻璃棉是将处于熔融状态的玻璃用离心喷吹法工艺进行纤维化喷涂热固性树脂制成的丝状材料，再经过热固化深加工处理，可制成具有多种用途的系列产品。', '<p><br></p><h3 style=\"color:#4ba547\">玻璃棉</h3><p>									<br></p><p>										离心玻璃棉是将处于熔融状态的玻璃用离心喷吹法工艺进行纤维化喷涂热固性树脂制成的丝状材料，再经过热固化深加工处理，可制成具有多种用途的系列产品。它具有阻燃、无毒、耐腐蚀、容重小、导热系数低、化学稳定性强、吸湿率低、憎水性好等诸多优点，是目前公认的性能最优越的保温、隔热、吸音材料，具有十分广泛的用途。用该材料制成的板、毡、管已大量用于建筑、化工、电子、电力、冶金、能源、交通等领域的保温隔热、吸声降噪，效果十分显著。										由于离心玻璃棉质地柔软、纤维微细，施工中不会刺激皮肤，因而深受施工单位欢迎，成为保温隔热的首选产品。									</p><p>																											<br></p><p>											</p><p><br></p><h4 style=\"color:#4ba547\">规格尺寸</h4><p>											长度10米，厚度15mm至250mm，容重60kg至180kg，宽度：600mm至1200mm，容重10kg至100kg																				<br></p><p>											</p><p><br></p><h4 style=\"color:#4ba547\">用途</h4><p>												1、用于钢结构保温												2、用于风管的绝热与隔音												3、用于管道保温												4、用于墙体保温												5、用于室内隔断												6、用于火车车厢										<br>。</p>', 'user/image/product/20170322090804279.jpg,user/image/product/20170322090804251.jpg,user/image/product/20170322090804221.jpg,user/image/product/20170322090804189.jpg,user/image/product/20170322090804156.jpg,', '0', '￥', 'admin', '12', '2017-03-14 15:48:51', '2017-03-14 17:13:02');
INSERT INTO `product` VALUES ('4', '1411f587-52ed-4f66-beb3-2e5cbe41e723', '2', '阻火包', '新型防火包|阻火包是我公司根据GB23864-2009国家标准研制成功的新型防火配套耐火材料,该产品可根据用户不同的要求垒制成各种形状的防火墙、防火层,亦可封堵需要作防火处理的孔洞。', '<p><br></p><h3 style=\"color:#4ba547\">阻火包</h3><p>									<br></p><p>										新型防火包|阻火包是我公司根据GB23864-2009国家标准研制成功的新型防火配套耐火材料,该产品可根据用户不同的要求垒制成各种形状的防火墙、防火层,亦可封堵需要作防火处理的孔洞。遇火时,防火包,阻火包的物质受热膨胀,结成蜂窝状整块,有效地将火灾控制在局部范围之内。用防火包,阻火包做隔墙,取代了过去用耐火砖、矿渣棉、陶瓷棉等材料,与它们相比,防火包,阻火包有显著的隔热效果。　　										新型防火包,阻火包适用于电力、电信、邮政、化工、工矿、企业、建筑当中,电缆、油管、风管、气管、金属管道等贯穿物穿过隔墙活隔层时所形成的空洞的封堵。可阻止火焰蔓延,特别适用于经常更换电缆的重要部位。									</p><p>																											<br></p><p>											</p><p><br></p><h4 style=\"color:#4ba547\">施工方法</h4><p>											电缆竖井、用阻火网、防火隔板或铁板做支垫,将防火包,阻火包平铺于垫上,垒成隔层,电缆隧道和电缆沟根据国内电缆隧道和电缆竖井的有关间距规定,在需要设置隔墙处,将防火包,阻火包垒成防火墙即可。必要时可用角钢做成支架以方便封堵。																				<br></p><p>											</p><p><br></p><h4 style=\"color:#4ba547\">包装运输</h4><p>												1、新型防火包,阻火包用塑料袋附防火布袋,再用编织袋包装,储存在阴凉干燥处。　　												<br>2、新型防火包,阻火包运输时按普通安全固体物质运输,防止雨淋和暴晒。<br></p>', 'user/image/product/20170322090817723.jpg,', '0', '￥', 'admin', '8', '2017-03-14 15:50:07', '2017-03-14 17:13:06');
INSERT INTO `product` VALUES ('5', '36f16c23-a5bc-436a-8788-636b5f1e0ae7', '2', '阻火圈', '本产品具有结构紧凑，造型美观，防渗漏与防火措施有机结合，施工安装方便等优点，为UPVC排水管在工业与民用建筑，特别是高层建筑中的推广应用提供了有力的消防保障。', '<p><br></p><h3 style=\"color:#4ba547\">阻火圈</h3><p>									<br></p><p>										本产品具有结构紧凑，造型美观，防渗漏与防火措施有机结合，施工安装方便等优点，为UPVC排水管在工业与民用建筑，特别是高层建筑中的推广应用提供了有力的消防保障。本产品贯穿明装或暗装固定在楼板部位或墙体两侧，阻火效果好，耐火时间长，具有优良的耐火、耐潮湿、抗氧化性能，结构紧密、造型美观、安装方便等优点。?随着中国的经济高速发展以及建设热、房地产热过后，暴露的安全、环保、能源等问题日益突出。塑料管道在各类公共和民用建筑中得到广泛应用，但塑料管道往往容易成为火灾传播的通道，塑料管道遇热火烧毁后形成的孔洞像一个烟囱，使火焰和烟气从一层沿管道蔓延和扩散至另一层，或从一个房间蔓延和扩散到另一个房间，使火灾损失扩大。世界各国消防组织得出一致的结论，塑料管道是火灾道蔓延和扩散的罪魁祸首。阻火圈放置部位 										根据我国住建部GB 50242-2002《建筑给水排水及采暖工程施工质量验收规范》中室内排水系统安装第5.2.4条：高层建筑中明设排水塑料管道应按设计要求设置阻火圈或防火套管。 										根据我国住建部 CJJ/T29-2010《建筑排水塑料管道工程技术规程》（2011年10月1日实施）中第4.1.3条，敷设在高层建筑室内的塑料排水管道当管径大于等于110mm时，应在下列位置设置阻火圈： <br>										1、明敷立管穿越楼层的贯穿部位。 <br>										2、横管穿越防火分区的隔墙和防火墙的两侧。 <br>										3、横管穿越管道井井壁或管窿围护墙体的贯穿部位外侧。 <br>										并在第5.1.17条中说明：阻火圈的安装应符合产品要求，安装时应紧贴楼板底面或墙体，并应采用膨胀螺栓固定。 									</p><p>																											<br></p><p>											</p><p><br></p><h4 style=\"color:#4ba547\">尺寸规格</h4><p>											内径：40mm、50mm、75mm、90mm、110mm、125mm、160mm、250mm或可定制。											<br>外形：带四角、螺丝锁扣、不带四角、插片锁扣或可定制。<br></p>', 'user/image/product/20170322090927999.jpg,user/image/product/20170322090927968.jpg,user/image/product/20170322090927945.jpg,user/image/product/20170322090927919.jpg,user/image/product/20170322090927883.jpg,', '0', '￥', 'admin', '130', '2017-03-22 09:06:17', '2017-03-22 09:06:17');
INSERT INTO `product` VALUES ('6', '21aad765-3ec6-422e-90e7-3e2e309eaaa1', '2', '防火泥', '该材料主要用于电线，电缆的孔洞封堵，以防止电线、电缆发生火灾而由孔洞向邻室蔓延，减少火灾损失。避免事故的扩大具有阻烟、防火、防尘等功能。', '<p><br></p><h3 style=\"color:#4ba547\">防火泥</h3><p>									<br></p><p>										柔性有机防火堵料是我公司根据GB23864-2009标准研制成功的新型产品，具有耐火极限高、发烟量低等特点。该产品还具有良好的可塑性，耐酸、耐碱、耐腐蚀性，施工、维修比较方便，并能与其他封堵材料（如防火包等）合并应用。									</p><p>																											<br></p><p>											</p><p><br></p><h4 style=\"color:#4ba547\">应用范围</h4><p>											有机柔性防火堵料适用于工矿企业、高层建筑、造船、冶金、发电、邮电中电线、电缆贯穿物穿墙时的孔洞封堵，以防止发生火灾时火焰由孔洞向邻室蔓延。																				<br></p><p>											</p><p><br></p><h4 style=\"color:#4ba547\">施工方法</h4><p>												1、 将有机防火堵料取出揉成团状，若气温过低，可将堵料连同包装致于40-70℃的温水中 加热在进行操作。 <br>												2、 需封堵的孔洞，封堵前需要清扫干净。 <br>												3、 将堵料均匀的铺、嵌、填于孔洞缝隙中，对于较大的孔洞，可先用防火网做骨架，以增加强度。																				<br></p><p>											</p><p><br></p><h4 style=\"color:#4ba547\">包装运输</h4><p>												1、 YFD-1型防火堵料用厚质塑料袋外加包装箱，适宜储存于阴凉干燥通风处，温度适宜在0-45℃.<br> 												2、 本堵料属不燃、不爆、无毒、无味、无腐蚀的安全可塑性固体物质，运输中应避免日晒雨淋。<br></p>', null, '0', '￥', 'admin', '3', '2017-03-14 15:51:57', '2017-03-14 16:24:28');
INSERT INTO `product` VALUES ('7', '161a4f91-740d-4e58-924b-07e384517106', '4', '高纯硅酸铝针刺毯', '硅酸铝板由精选优质焦宝石经2000℃以上电炉熔化，通过机械喷吹成纤维并均匀加入特制的粘结剂，防油剂，憎水剂经加热固化而成。主要用于电力工业、电力锅炉、汽轮机及核电隔热、船舶工业的防火隔热、建筑业、防火门的防火隔热', '<p><br></p><h3 style=\"color:#4ba547\">硅酸铝针刺毯</h3><p>									<br></p><p>										硅酸铝板由精选优质焦宝石经2000℃以上电炉熔化，通过机械喷吹成纤维并均匀加入特制的粘结剂，防油剂，憎水剂经加热固化而成。主要用于电力工业、电力锅炉、汽轮机及核电隔热、船舶工业的防火隔热、建筑业、防火门的防火隔热、化工工业高温反应设备及加热设备的壁衬、汽车、火车制造业、防火、隔热、窑炉砌衬、炉门、顶盖密。									</p><p>																											<br></p><p>											</p><p><br></p><h4 style=\"color:#4ba547\">规格尺寸</h4><p>											长度10米或可定制，宽度：610mm至1200mm厚度10mm至50mm，容重80kg至120kg。																				<br></p><p>											</p><p><br></p><h4 style=\"color:#4ba547\">注意事项</h4><p>												硅酸铝制品在初次使用时、当构件温度超过200℃时硅酸铝制品会出现轻度烟雾，此为硅酸铝粘结剂挥发，短时间内硅酸铝制品会变为褐色，运行1-3天后硅酸铝自然恢复原白色，而且对产品质量不会造成任何的影响<br></p>', 'user/image/product/20170322090834152.jpg,user/image/product/20170322090834124.jpg,user/image/product/20170322090834088.jpg,user/image/product/20170322090834066.jpg,user/image/product/20170322090834035.jpg,', '0', '￥', 'admin', '8', '2017-03-14 15:52:45', '2017-03-14 17:10:24');
INSERT INTO `product` VALUES ('8', '40ca0a11-8c83-432b-bb72-d15b8eb91d80', '3', '聚氨酯复合板', '聚氨酯保温复合板由双面柔性面材和聚氨酯硬泡经专用生产线一次性连续生产而成，呈夹心结构。双面无纺布经过特殊处理，保证层间粘结良好；中间PU硬泡保温层采用先进的混料和布料工艺，泡孔细腻，密度均匀，强度及隔热性能得到可靠保证。', '<p><br></p><h3 style=\"color:#4ba547\">聚氨酯复合板</h3><p>									<br></p><p>										聚氨酯保温复合板由双面柔性面材和聚氨酯硬泡经专用生产线一次性连续生产而成，呈夹心结构。双面无纺布经过特殊处理，保证层间粘结良好；中间PU硬泡保温层采用先进的混料和布料工艺，泡孔细腻，密度均匀，强度及隔热性能得到可靠保证。									</p><p>																											<br></p><p>											</p><p><br></p><h4 style=\"color:#4ba547\">规格尺寸</h4><p>											长度600mm乘1200mm，厚度20mm至80mm																				<br></p><p>											</p><p><br></p><h4 style=\"color:#4ba547\">产品优势</h4><p>											1.导热系数极低。聚氨酯硬泡导热系数为≤0.024W/m·K，是一种非常好的建筑节能材料，具有优异的保温隔热性能。在同样保温效果下，25mm厚的聚氨酯硬质泡沫保温层，其保温效果相当于40mm厚的EPS，45mm厚的矿棉，140mm厚的软木，380mm厚的混凝土或860mm厚的普通砖，保温层厚度比EPS减少40%左右。<br>											2.保温、防水、隔音。聚氨酯硬泡保温层吸水量极低，经实验表明，每增加1%v/v湿气含量，其导热系数仅仅上升约3%。同时，由于聚氨酯硬泡保温层具优秀的闭孔结构，使之拥有优良的隔音功能，可以提供舒适、安静的室内环境。<br>											3.自粘结力强。与同类保温材料相比氨酯硬质泡沫可以与水泥、钢构、黏土、沥青、木材、玻璃、塑料等各种材料进行直接粘接，不用任何粘接剂，粘接强度大于其自身的抗裂强度，完全达到我国外墙保温工程的技术要求。<br>											4.物化性能稳定。聚氨酯硬质泡沫材料适应温度范围较大，可以在-50℃—150℃的环境下长期使用，短期使用温度可以达到250℃，而泡沫不会产生任何损坏。氨酯硬泡保温层物理、化学性能十分稳定，一旦反应成型，不溶于大多数溶剂，不受废气和工业气体的影响，不腐烂、抗塑、防腐、无味、无毒。<br>											5.防火性能优异。聚氨酯硬质泡沫材料可达到对建筑保温材料较高的防火性能要求，即B1或B2级的建材阻燃标准，而且聚氨酯硬质泡沫塑料在燃烧中呈现惰性，遇火表面碳化，不会产生熔融的燃烧性物质，从而抑制火势蔓延，其燃点也高于木材。经中国建筑科学研究院防火所对聚氨酯硬泡外墙保温体系做的防火实验表明：聚氨酯硬泡外墙保温体系在遇火燃烧时不传递火势，阻燃性能可以完全达到建筑外墙防火标准要求。<br>											6、由于聚氨酯板材具有优良的隔热性能，在达到同样保温要求下，可使减少建筑物外围护结构厚度，从而增加室内使用面积。<br>											7、抗变形能力强，不易开裂，饰面稳定、安全。<br>											8、聚氨酯材料孔隙率结构稳定，基本上是闭孔结构，不仅保温性能优良，而且抗冻融、吸声性也好。硬泡聚氨酯保温构造的平均寿命，在正常使用与维修的条件下，能达到30年以上。<br>											9、综合性价比高。虽然硬质聚氨酯泡沫材的单价比其它传统保温材料的单价高，但增加的费用将会由供暖和制冷费用的大幅度减少而抵消。<br></p>', 'user/image/product/20170322090847858.jpg,user/image/product/20170322090847825.jpg,user/image/product/20170322090847793.jpg,user/image/product/20170322090847752.jpg,user/image/product/20170322090847715.jpg,', '0', '￥', 'admin', '6', '2017-03-14 15:54:08', '2017-03-14 17:12:37');
INSERT INTO `product` VALUES ('10', '1199d6e2-4653-40aa-a7c0-6a6e2e8e1b68', '2', '防火块', '用防火材料制成的具有一定形状和尺寸规格的固体，可以方便地切割和钻孔，适用于孔洞或电缆桥架的防火封堵。', '<p><br></p><h3 style=\"color:#4ba547\">防火块</h3><p>									<br></p><p>										用防火材料制成的具有一定形状和尺寸规格的固体，可以方便地切割和钻孔，适用于孔洞或电缆桥架的防火封堵。													</p><p>																											<br></p><p>											</p><p><br></p><h4 style=\"color:#4ba547\">基本特征</h4><p>											外观：长方形，有凹凸槽，能互锁，典型尺寸是240mm×120mm×60mm。<br>											材料：以无机材料为主，有弹性，有利于保护电缆、增加防火封堵构件的气密性。																				<br></p><p>											</p><p><br></p><h4 style=\"color:#4ba547\">产品优势</h4><p>												①耐火时间长：由于采用先进的热膨胀防火技术，产品耐火时间长。经国家防火建筑材料监督检验中心检验，耐火时间达180min以上。<br>												②有效期长：由于采用无机膨胀材料和少量高效胶联材料，经加速老化试验证明，有效期可达15年以上。阻火包有效期一般为三年。<br>												③耐水、耐油性能好：试验证明，在水里、柴油里浸泡1年，产品无溶胀、变形、坍塌。<br>												④机械强度高、有弹性：由于采用无毒有机高分子材料胶联、模压固化，实测抗压强度5.6MP，比国家标准（0.8MP）高6倍，是阻火包（0.05MP）的112倍。<br></p>', 'user/image/product/20170322090913865.jpg,', '0', '￥', 'admin', '8', '2017-03-14 15:55:26', '2017-03-14 17:10:21');
INSERT INTO `product` VALUES ('11', 'a00deab0-8374-4100-bbda-5efa5b937265', '1', '橡塑', '抗震性能橡塑保温管具有很高的弹性，因而能最大限度地减少冷冻水和热水管道在使用过程中的振动和共振。 柔韧性能橡塑保温管具有良好的绕性及韧性，施工中容易处理弯曲和不规则的管道，而且可以省工省料。 安装方便，外形美观?因本产品富柔软性，安装简易方便。', '<p><br></p><h3 style=\"color:#4ba547\">橡塑</h3><p>									<br></p><p>										橡塑保温板导热系数低 完全闭孔结构，绝热效果持久良好；材料与水汽完全隔绝，不吸水，不易燃烧，不凝露，使用寿命长，经过SGS检测，其实测值远远低于欧盟关于不含有毒物质的标准值，使用健康安全；外表柔软美观，易弯曲，施工方便快捷，而且无需其他辅材。									</p><p>																											<br></p><p>											</p><p><br></p><h4 style=\"color:#4ba547\">规格尺寸</h4><p>											宽度：1000mm至1200mm，长度10米或可定制，厚度10mm至30mm。																				<br></p><p>											</p><p><br></p><h4 style=\"color:#4ba547\">产品优势</h4><p>											抗震性能橡塑保温管具有很高的弹性，因而能最大限度地减少冷冻水和热水管道在使用过程中的振动和共振。											柔韧性能橡塑保温管具有良好的绕性及韧性，施工中容易处理弯曲和不规则的管道，而且可以省工省料。											安装方便，外形美观?因本产品富柔软性，安装简易方便。管道安装：可套上后一起安装，也可将本管材纵向切开后再用铝箔胶带粘合而成。对阀门、三通、弯头等复杂部件，可将板材裁剪后，按不同形状包上粘合，确保整个系统的严密性，从而保证了整个系统的保温性。又因本材料外表有橡胶的光滑平整，以及它本身的优异性能，不需另加隔汽层，防护层，减少了施工中的麻烦，也保证了外形美观、平整。当设备或管道检修时，剥离下来的本材料可重复使用，性能不变。											其它优点橡塑保温管使用起来十分安全，既不会刺激皮肤，也不会危害健康。它们能防止霉菌生长，避免害虫或老鼠啮咬，而且耐酸抗碱，性能优越。这些性能使华美橡塑成为保护管道的理想绝热材料，防止它们因大气介质或工业环境而受到腐蚀。																				<br></p><p>											</p><p><br></p><h4 style=\"color:#4ba547\">产品特点</h4><p>											· 阻燃（不易燃烧，离开火源就灭）<br>											· 闭泡式结构能够有效地阻止热传导<br>											· 导热系数，在0°C时不超过0.034W/m·k。<br>											· 表面放热系数高，达到9W/m2k<br>											· 具有优异的抗水汽渗透能力 湿阻μ≥5,000 构成“内置”的防水汽层，使保温板整体既是保温层又是防潮层。<br>											· 防火性能好 氧指数32以上<br>											· 安装简易快捷<br>											· 不含CFC, HFC或HCFC等含氟烃材料 不含甲醛、粉尘和纤维<br>											  FUERDA橡塑保温板具有优良的防火性能，使用温度范围为-50℃到110℃																				<br></p><p>											</p><p><br></p><h4 style=\"color:#4ba547\">应用领域</h4><p>											· 中央空调系统制冷机组与设备<br>											· 冷冻水管<br>											· 冷凝水管<br>											· 风管及热水管道<br></p>', 'user/image/product/20170322090941418.jpg,user/image/product/20170322090941432.jpg,user/image/product/20170322090941395.jpg,user/image/product/20170322090941370.jpg,user/image/product/20170322090941335.jpg,', '0', '￥', 'admin', '56', '2017-03-22 09:06:34', '2017-03-22 09:06:34');
INSERT INTO `product` VALUES ('12', '8c94190f-1b02-485b-a59f-32a481fc5378', '2', '防火隔板', '防火隔板主要适用于各类电压等级的电缆在支架或桥架上敷设时的防火保护和耐火分隔，大量应用在国内各类发电厂、化工企业、钢铁冶炼企业、矿山等电缆密集场所的电缆工程的防火阻燃。也是大型商场、酒店、宾馆、文体会馆、封闭式服装市场、轻工市场、影剧院等公共场所室内装饰防火阻燃工程的最佳防火阻燃材料。', '<p><br></p><h3 style=\"color:#4ba547\">防火隔板</h3><p>									<br></p><p>										防火隔板主要适用于各类电压等级的电缆在支架或桥架上敷设时的防火保护和耐火分隔，大量应用在国内各类发电厂、化工企业、钢铁冶炼企业、矿山等电缆密集场所的电缆工程的防火阻燃。也是大型商场、酒店、宾馆、文体会馆、封闭式服装市场、轻工市场、影剧院等公共场所室内装饰防火阻燃工程的最佳防火阻燃材料。													</p><p>																											<br></p><p>											</p><p><br></p><h4 style=\"color:#4ba547\">施工方法</h4><p>											防火隔板产品可采用切割锯进行分切，根据施工现场需要制成所需用的形状，装配时采用钢支架或膨胀螺栓固定，钢架要用钢结构防火涂料涂刷。也可用防火隔板装制成各种形式的电缆防火槽盒，板缝隙处使用。<br></p>', 'user/image/product/20170322094900438.jpg,user/image/product/20170322094900446.jpg,user/image/product/20170322094900445.jpg,', '0', '￥', 'admin', '40', '2017-03-22 09:49:08', '2017-03-22 09:49:08');

-- ----------------------------
-- Table structure for `product_type`
-- ----------------------------
DROP TABLE IF EXISTS `product_type`;
CREATE TABLE `product_type` (
  `id` int(11) NOT NULL AUTO_INCREMENT,
  `uid` varchar(55) DEFAULT NULL,
  `type_name` varchar(25) DEFAULT NULL,
  `type_descripe` varchar(255) DEFAULT '暂未填写',
  `imgsrc` varchar(2550) DEFAULT NULL,
  `create_time` varchar(25) DEFAULT NULL,
  `update_time` varchar(25) DEFAULT NULL,
  PRIMARY KEY (`id`)
) ENGINE=InnoDB AUTO_INCREMENT=5 DEFAULT CHARSET=utf8;

-- ----------------------------
-- Records of product_type
-- ----------------------------
INSERT INTO `product_type` VALUES ('1', '6c4b8382-83d4-40a7-bccc-340c95257c44', '保温类', '暂未填写', null, '2017-03-14 15:41:35', '2017-03-14 15:41:54');
INSERT INTO `product_type` VALUES ('2', '0d6fdfe9-a496-4fee-b99f-a05c60537e01', '阻火类', '暂未填写', null, '2017-03-14 15:41:58', '2017-03-14 15:42:13');
INSERT INTO `product_type` VALUES ('3', '8df4eb6a-8c7d-495d-a8ad-8c8f025c9d6a', '聚氨酯', '暂未填写', null, '2017-03-14 15:42:15', '2017-03-14 15:42:29');
INSERT INTO `product_type` VALUES ('4', '2d9ff7ae-414f-4680-8bb0-3fbaeec943c1', '硅酸铝', '暂未填写', null, '2017-03-14 15:42:32', '2017-03-14 15:42:42');

-- ----------------------------
-- Table structure for `user`
-- ----------------------------
DROP TABLE IF EXISTS `user`;
CREATE TABLE `user` (
  `id` int(11) NOT NULL AUTO_INCREMENT,
  `account` varchar(25) DEFAULT NULL COMMENT '用户账号',
  `password` varchar(25) DEFAULT NULL COMMENT '密码',
  `type` int(5) DEFAULT '0' COMMENT '账号类型 0普通用户 1管理员',
  `create_time` varchar(25) DEFAULT NULL COMMENT '创建时间',
  PRIMARY KEY (`id`)
) ENGINE=InnoDB AUTO_INCREMENT=15 DEFAULT CHARSET=utf8;

-- ----------------------------
-- Records of user
-- ----------------------------
INSERT INTO `user` VALUES ('7', 'admin', '123456', '1', '2017-03-06 14:47:33');
INSERT INTO `user` VALUES ('8', 'test01', '123456', null, '2017-03-06 14:47:56');
INSERT INTO `user` VALUES ('9', 'test02', '123456', null, '2017-03-06 14:48:17');
INSERT INTO `user` VALUES ('10', 'test03', '123456', null, '2017-03-06 14:48:46');
INSERT INTO `user` VALUES ('11', 'test04', '123456', null, '2017-03-06 14:49:58');
INSERT INTO `user` VALUES ('12', 'test05', '123456', null, '2017-03-06 14:50:42');
INSERT INTO `user` VALUES ('13', 'test06', '123456', null, '2017-03-06 15:28:21');
INSERT INTO `user` VALUES ('14', 'test07', '123456', null, '2017-03-06 15:52:53');
